student_id,name,age,gender,study_hours,attendance_percentage,previous_score,assignment_score,midterm_score,absences,sleep_hours,internet_access,parental_education,family_income,extracurricular,study_environment,final_score,performance
STU00001,Allison Hill,16,Male,3.3,97.5,77.6,71.9,40.9,23,4.9,No,Diploma,Low,Yes,Poor,66.38,Pass
STU00002,Noah Rhodes,16,Female,0.7,98.5,84.1,44.9,42.7,1,5.1,Yes,High School,Low,Yes,Poor,57.32,Pass
STU00003,Angie Henderson,18,Female,2.8,76.2,58.1,50.4,72.8,7,4.8,No,Graduate,Low,Yes,Excellent,52.12,Pass
STU00004,Daniel Wagner,20,Female,3.9,89.3,43.0,66.0,71.5,4,4.3,Yes,Graduate,Low,Yes,Excellent,54.09,Pass
STU00005,Cristian Santos,16,Female,5.1,58.5,34.2,96.4,97.6,27,8.9,No,Graduate,Low,No,Poor,64.0,Pass
STU00006,Connie Lawrence,21,Male,5.6,72.0,37.9,64.7,32.4,17,9.5,No,Graduate,High,Yes,Poor,49.98,Fail
STU00007,Abigail Shaffer,15,Male,2.4,83.1,50.3,66.4,68.3,24,5.1,No,High School,Low,Yes,Excellent,59.54,Pass
STU00008,Gina Moore,19,Female,1.2,59.8,32.9,52.8,57.2,20,5.6,No,Diploma,Middle,No,Average,43.02,Fail
STU00009,Gabrielle Davis,19,Male,6.7,67.8,48.3,68.0,39.9,19,8.8,Yes,Diploma,Low,No,Excellent,52.66,Pass
STU00010,Ryan Munoz,19,Male,0.5,90.8,75.9,81.0,84.0,21,4.4,No,High School,Low,Yes,Good,66.79,Pass
STU00011,Monica Herrera,21,Female,3.2,55.8,86.1,73.6,53.2,2,4.4,Yes,Graduate,Low,No,Excellent,50.88,Pass
STU00012,Jamie Arnold,22,Male,6.0,81.9,87.7,63.1,38.4,8,8.3,Yes,Diploma,High,No,Excellent,57.22,Pass
STU00013,Lisa Hensley,21,Female,6.2,78.1,80.1,64.6,66.6,7,6.6,Yes,Postgraduate,Low,Yes,Poor,68.64,Pass
STU00014,Michele Williams,17,Male,2.9,75.4,89.0,47.5,58.7,25,8.5,No,High School,Middle,No,Excellent,55.92,Pass
STU00015,Dylan Miller,19,Male,2.2,53.8,48.8,41.3,95.1,21,8.8,Yes,Graduate,High,No,Poor,59.05,Pass
STU00016,Brian Ramirez,19,Female,6.5,59.3,88.0,67.8,86.5,5,9.4,No,High School,High,No,Average,74.89,Pass
STU00017,Holly Wood,16,Female,2.9,55.5,44.8,59.9,87.3,26,9.2,Yes,Diploma,Middle,Yes,Poor,56.09,Pass
STU00018,Derek Zuniga,20,Female,3.6,61.1,37.8,53.6,96.0,0,5.9,Yes,Graduate,Middle,Yes,Poor,58.46,Pass
STU00019,Lisa Jackson,18,Male,4.4,85.2,53.6,98.0,97.4,2,5.5,No,High School,High,Yes,Average,65.34,Pass
STU00020,Carla Gray,22,Male,2.6,51.8,69.6,65.2,33.6,8,5.7,No,Diploma,High,Yes,Good,45.77,Fail
STU00021,Margaret Hawkins DDS,21,Female,7.3,62.0,39.4,64.3,99.0,14,5.5,No,High School,Low,Yes,Poor,73.46,Pass
STU00022,Patty Perez,20,Male,2.3,86.4,53.9,74.3,74.3,18,7.2,Yes,Diploma,Low,Yes,Poor,64.96,Pass
STU00023,Ethan Adams,18,Male,1.2,91.8,50.9,43.1,32.9,28,7.5,Yes,Graduate,Low,Yes,Good,36.13,Fail
STU00024,Tommy Walter,22,Male,5.3,58.7,74.9,57.1,95.6,17,4.8,Yes,Postgraduate,Low,No,Excellent,66.42,Pass
STU00025,Matthew Foster,18,Male,3.1,55.7,90.1,91.4,48.1,3,8.0,No,Graduate,Middle,No,Excellent,61.04,Pass
STU00026,Judy Baker,15,Male,4.5,62.1,36.1,92.8,93.0,1,7.8,No,Graduate,Low,Yes,Average,73.78,Pass
STU00027,Justin Baker,18,Female,3.0,67.5,77.2,92.8,92.1,4,8.7,No,Diploma,Middle,No,Average,68.2,Pass
STU00028,Stephanie Ross,16,Female,1.7,94.9,69.4,30.6,37.1,25,8.0,Yes,High School,High,Yes,Poor,49.1,Fail
STU00029,Zachary Hicks,18,Male,0.5,58.0,65.7,78.4,75.6,13,5.3,No,Postgraduate,Low,No,Poor,49.53,Fail
STU00030,Anthony Rodriguez,17,Female,2.9,87.3,72.2,89.4,76.0,0,7.4,No,Graduate,Middle,No,Excellent,73.77,Pass
STU00031,Rebecca Henderson,22,Male,1.2,68.4,47.2,47.1,98.1,6,6.4,No,Diploma,Low,Yes,Good,58.58,Pass
STU00032,James Ferrell,15,Male,6.5,75.1,67.5,64.5,43.7,18,8.3,No,Diploma,Low,Yes,Average,64.42,Pass
STU00033,Tricia Valencia,16,Male,2.6,51.2,72.0,42.4,95.8,21,9.7,Yes,Postgraduate,Low,Yes,Poor,57.86,Pass
STU00034,Nathan Maldonado,16,Female,0.6,96.4,57.8,97.7,97.5,21,9.1,No,Graduate,Low,No,Average,74.13,Pass
STU00035,Debra Davidson,19,Female,2.7,69.3,85.3,52.2,41.9,4,7.3,No,Postgraduate,Middle,Yes,Poor,54.14,Pass
STU00036,Jeffrey Chavez,22,Male,4.8,54.9,70.0,99.3,39.8,2,7.1,Yes,Graduate,Low,No,Poor,60.6,Pass
STU00037,Sherri Baker,18,Female,7.1,87.0,75.3,79.2,55.2,9,5.8,Yes,Postgraduate,High,No,Poor,72.26,Pass
STU00038,Cassandra Gaines,19,Male,7.0,95.7,63.2,65.1,85.9,30,7.9,Yes,Graduate,Low,Yes,Average,76.5,Pass
STU00039,Elizabeth Fowler,19,Female,5.8,89.8,87.9,53.7,56.3,19,4.6,Yes,Graduate,Low,No,Excellent,62.12,Pass
STU00040,Brittany Farmer,19,Male,4.0,77.1,48.6,71.4,32.1,2,4.2,No,Graduate,Low,Yes,Good,51.25,Pass
STU00041,Paula Moreno,17,Female,6.7,68.0,38.3,66.6,83.9,5,5.3,No,Postgraduate,High,Yes,Poor,61.37,Pass
STU00042,Fred Smith,16,Male,0.9,76.6,65.1,74.6,80.8,17,9.9,Yes,Graduate,High,Yes,Excellent,62.49,Pass
STU00043,Sherry Decker,17,Male,4.4,66.1,81.7,49.0,60.7,9,4.5,No,High School,Middle,Yes,Average,60.12,Pass
STU00044,Anthony Humphrey,16,Female,3.6,58.7,40.2,47.5,68.4,24,8.3,No,Diploma,Low,Yes,Average,54.82,Pass
STU00045,Angelica Tucker,21,Male,5.5,64.0,92.1,81.7,68.8,5,7.7,No,Postgraduate,High,Yes,Good,62.14,Pass
STU00046,Philip Cannon,17,Male,3.2,87.9,30.9,38.1,33.2,12,4.2,Yes,Postgraduate,Low,Yes,Excellent,40.71,Fail
STU00047,John Pierce,20,Female,6.9,85.2,60.8,36.8,64.4,26,6.8,Yes,Diploma,Low,Yes,Excellent,60.25,Pass
STU00048,Shane Henderson,20,Female,3.5,80.8,71.3,33.2,56.2,27,7.8,Yes,Graduate,Middle,No,Good,47.41,Fail
STU00049,Joshua Blair,15,Male,4.3,92.8,72.8,41.4,34.9,28,7.9,No,Diploma,High,No,Poor,53.98,Pass
STU00050,Eric Carney,16,Female,7.6,78.8,55.2,75.0,62.1,11,7.3,No,Postgraduate,High,Yes,Excellent,65.69,Pass
STU00051,Jessica Holmes,18,Female,7.6,69.3,92.5,93.4,43.7,1,4.4,No,High School,High,Yes,Good,70.42,Pass
STU00052,Danny Morgan,21,Male,1.0,65.9,84.9,31.6,87.0,30,5.7,No,Graduate,High,Yes,Good,51.02,Pass
STU00053,Crystal Robinson,19,Female,1.4,84.8,70.9,91.4,81.5,10,8.8,No,Graduate,High,Yes,Average,63.56,Pass
STU00054,Mark Perez,21,Female,6.1,90.3,94.4,58.9,56.0,21,8.7,Yes,Graduate,Middle,Yes,Good,65.94,Pass
STU00055,Shannon Jones,19,Male,3.1,96.5,85.8,60.0,82.6,13,8.5,No,Postgraduate,Middle,No,Average,77.11,Pass
STU00056,Michael Lewis,22,Male,2.9,94.8,55.3,30.8,93.4,21,4.5,Yes,Graduate,High,No,Poor,60.92,Pass
STU00057,Timothy Duncan,18,Female,2.9,97.5,91.8,70.1,74.2,7,6.7,Yes,Diploma,Low,Yes,Average,65.39,Pass
STU00058,Richard Aguirre,22,Male,5.5,87.6,81.5,85.3,36.4,14,7.0,No,Diploma,High,No,Excellent,57.98,Pass
STU00059,Brent Jordan,21,Male,0.9,77.5,58.7,92.1,54.6,4,4.7,Yes,High School,Middle,Yes,Average,57.47,Pass
STU00060,John Daniel,22,Male,5.1,55.1,35.5,79.1,35.1,17,8.9,Yes,High School,Middle,Yes,Excellent,46.48,Fail
STU00061,Victoria Garcia,20,Female,5.8,54.1,35.5,99.1,56.2,19,6.2,No,Postgraduate,Low,No,Excellent,53.54,Pass
STU00062,Gerald Hensley,19,Male,6.3,77.9,57.6,93.4,37.8,26,7.0,No,Postgraduate,High,Yes,Good,59.33,Pass
STU00063,Connor West,22,Male,0.6,73.4,33.7,38.3,38.2,22,7.9,No,Diploma,Middle,No,Good,40.5,Fail
STU00064,Donald Wright,16,Male,7.7,68.7,48.6,90.8,45.7,4,9.8,Yes,Postgraduate,High,Yes,Average,72.68,Pass
STU00065,Jessica Callahan,16,Female,0.6,98.5,32.8,92.4,66.9,13,10.0,No,Postgraduate,Middle,Yes,Average,60.52,Pass
STU00066,Amber Kidd,21,Female,7.8,76.2,70.9,78.7,61.8,28,7.8,Yes,Postgraduate,Middle,Yes,Good,64.99,Pass
STU00067,Tracy House,19,Female,4.9,95.1,33.0,49.7,96.5,27,9.3,No,Diploma,Middle,Yes,Good,77.64,Pass
STU00068,Carol Tucker,21,Female,2.6,59.4,60.1,54.7,70.9,0,4.5,No,Graduate,High,No,Average,49.91,Fail
STU00069,James Brown,22,Male,7.8,99.3,75.4,67.5,51.7,19,8.9,Yes,Postgraduate,High,Yes,Poor,66.9,Pass
STU00070,William Baker,21,Male,7.3,91.1,91.7,80.8,72.9,27,6.5,No,Diploma,Low,No,Excellent,79.02,Pass
STU00071,Jordan Henderson,20,Male,7.5,93.3,32.9,31.8,56.4,14,8.9,No,Graduate,Middle,No,Excellent,51.01,Pass
STU00072,Whitney Peters,19,Male,7.8,92.1,84.5,62.8,59.0,15,5.6,Yes,High School,Middle,Yes,Poor,77.96,Pass
STU00073,Brittney Phillips,15,Male,0.9,93.2,82.8,100.0,99.8,30,7.3,Yes,Diploma,Low,Yes,Average,71.1,Pass
STU00074,Lauren Daniels,17,Female,3.9,56.5,92.0,72.4,46.0,21,8.0,Yes,Diploma,Middle,No,Good,59.79,Pass
STU00075,Amy Silva,17,Male,5.1,67.9,37.4,77.0,66.4,24,8.6,Yes,Graduate,Low,Yes,Good,64.7,Pass
STU00076,Sarah Moore,21,Female,4.6,78.0,87.0,58.2,39.4,30,4.2,Yes,High School,High,Yes,Poor,55.29,Pass
STU00077,Angela Lopez,19,Male,6.2,81.0,75.8,44.9,39.5,25,4.1,Yes,Graduate,High,No,Good,60.65,Pass
STU00078,Megan Young,16,Female,3.4,71.9,88.8,54.4,66.0,0,8.7,No,Postgraduate,Low,No,Good,54.29,Pass
STU00079,Steve Sanchez,22,Male,3.5,81.1,86.1,96.5,40.3,13,9.6,Yes,Graduate,High,No,Excellent,55.23,Pass
STU00080,Lisa Barnes,21,Female,3.9,99.0,62.0,53.0,74.3,10,5.4,Yes,High School,Middle,No,Average,64.36,Pass
STU00081,Kelly Donovan,22,Female,1.1,56.4,38.3,40.6,39.7,10,7.8,Yes,Postgraduate,Middle,Yes,Excellent,35.43,Fail
STU00082,Mike Allen,18,Female,7.2,73.7,73.4,42.1,43.5,25,4.2,No,Graduate,Middle,No,Poor,50.74,Pass
STU00083,Michael Evans,18,Male,1.8,63.9,41.5,36.2,38.4,7,6.8,No,Postgraduate,High,Yes,Excellent,37.34,Fail
STU00084,Paul Jones,22,Female,4.3,84.5,32.6,86.0,74.0,25,4.5,Yes,High School,Middle,Yes,Excellent,55.01,Pass
STU00085,Zachary Ferrell,18,Female,7.1,96.0,34.0,49.4,86.4,21,8.5,No,Postgraduate,High,No,Excellent,66.12,Pass
STU00086,Daniel Baker,20,Female,3.3,74.2,70.2,55.8,62.4,22,8.5,No,Graduate,Middle,No,Average,54.7,Pass
STU00087,Shirley Suarez,16,Male,0.8,62.6,76.4,92.7,65.8,10,7.2,Yes,Diploma,Low,Yes,Excellent,57.8,Pass
STU00088,Christopher Bass,19,Female,4.5,62.1,47.5,56.4,31.4,3,5.9,Yes,Graduate,Low,No,Average,42.16,Fail
STU00089,Lisa Archer,19,Male,2.1,66.4,37.8,92.3,71.6,22,8.1,Yes,Graduate,Low,Yes,Good,56.44,Pass
STU00090,Aimee Montoya,17,Female,1.2,76.9,68.1,82.2,60.2,3,4.8,Yes,Graduate,Middle,No,Excellent,64.72,Pass
STU00091,Matthew Mcmillan,20,Male,2.6,68.2,72.0,70.0,54.9,30,9.9,Yes,Graduate,Middle,Yes,Poor,48.5,Fail
STU00092,Brian Rodriguez,21,Female,1.3,57.6,46.0,41.2,43.1,2,5.7,Yes,Diploma,Low,No,Poor,43.28,Fail
STU00093,Denise Jacobs,18,Male,1.8,94.8,35.2,66.7,58.7,17,9.9,No,Diploma,High,No,Excellent,54.35,Pass
STU00094,Christina Walters,22,Female,7.8,93.3,83.1,48.1,42.0,27,8.0,No,Graduate,High,Yes,Poor,60.23,Pass
STU00095,John Whitehead,18,Male,7.5,77.8,67.2,49.6,83.9,8,5.1,Yes,Diploma,Low,Yes,Poor,66.05,Pass
STU00096,Anna Henderson,17,Male,4.3,62.1,37.5,72.7,50.2,13,7.5,No,Postgraduate,Middle,Yes,Average,42.99,Fail
STU00097,Aaron Wise,19,Female,1.7,74.1,64.6,33.6,53.6,22,4.8,No,High School,High,Yes,Good,51.37,Pass
STU00098,Deborah Figueroa,18,Female,2.4,84.1,79.4,71.7,63.0,3,6.5,Yes,Diploma,Middle,Yes,Poor,59.8,Pass
STU00099,Jessica Smith,15,Male,3.1,96.5,84.0,97.6,38.7,25,8.4,No,Graduate,Middle,Yes,Excellent,64.16,Pass
STU00100,Stephen Mckee,19,Female,4.8,92.1,39.1,85.7,44.1,30,5.0,No,Postgraduate,Middle,Yes,Poor,55.89,Pass
STU00101,Sandra Aguilar,21,Female,1.7,90.7,73.2,66.6,55.1,19,9.3,No,High School,Low,Yes,Poor,64.83,Pass
STU00102,Cameron Parker,19,Male,3.8,68.8,60.1,51.1,82.3,24,7.0,Yes,Postgraduate,High,No,Good,57.2,Pass
STU00103,Rebecca Valencia,17,Female,2.2,95.0,55.0,68.0,93.5,20,7.7,No,High School,Middle,No,Excellent,59.41,Pass
STU00104,Christine Wright,20,Female,1.5,89.7,70.3,67.3,92.6,21,8.7,Yes,Diploma,Middle,No,Excellent,72.51,Pass
STU00105,Richard Henson,19,Female,1.6,65.6,46.2,82.1,32.3,26,7.4,Yes,Postgraduate,Low,No,Good,46.93,Fail
STU00106,Marc Moore,20,Male,3.1,91.1,37.2,89.3,38.9,24,6.4,No,High School,High,No,Excellent,55.2,Pass
STU00107,Sharon Cherry,15,Male,6.5,57.5,44.9,80.6,80.4,16,7.8,No,Postgraduate,High,No,Poor,66.98,Pass
STU00108,Sierra Johnson,18,Female,2.4,67.3,41.8,93.6,70.8,17,6.4,Yes,Graduate,Middle,No,Poor,66.85,Pass
STU00109,Evelyn Galvan,15,Male,4.0,97.4,40.0,71.0,65.4,22,7.7,Yes,Graduate,High,Yes,Excellent,62.18,Pass
STU00110,Sharon Cochran,16,Male,5.7,96.1,76.0,40.7,70.3,26,7.6,Yes,Postgraduate,Low,Yes,Excellent,69.82,Pass
STU00111,Richard Rodriguez,19,Female,3.7,86.8,90.7,94.8,61.6,13,4.7,No,Postgraduate,Low,No,Average,68.85,Pass
STU00112,Shannon Walker,21,Male,4.9,70.0,33.6,53.5,86.2,29,4.0,Yes,High School,Middle,No,Good,62.37,Pass
STU00113,Julia Torres,19,Male,3.0,69.9,64.9,94.4,54.2,9,6.1,No,Postgraduate,Low,No,Excellent,57.52,Pass
STU00114,Crystal Johnson,20,Female,2.2,72.6,39.2,42.3,64.9,17,6.5,No,Postgraduate,Middle,Yes,Average,56.99,Pass
STU00115,Garrett Lin,21,Male,7.4,68.1,67.7,74.3,30.9,27,8.0,No,High School,Middle,No,Excellent,56.48,Pass
STU00116,Diana May,21,Male,1.1,99.8,62.6,71.7,34.7,15,8.5,Yes,Diploma,High,No,Poor,48.06,Fail
STU00117,William Herrera,22,Male,2.1,94.9,43.3,43.3,32.6,16,6.8,No,High School,High,Yes,Excellent,42.29,Fail
STU00118,Ashley Waller,17,Male,6.3,72.7,64.1,60.9,58.1,15,7.4,No,Graduate,High,No,Poor,62.36,Pass
STU00119,Victor Baker,20,Female,1.7,59.1,86.0,96.2,56.1,30,5.6,No,Postgraduate,High,Yes,Poor,50.61,Pass
STU00120,Jeffrey Chandler,18,Female,0.7,57.8,76.5,76.1,31.9,7,5.3,Yes,Postgraduate,Low,Yes,Excellent,54.45,Pass
STU00121,Larry Dixon,17,Female,2.2,83.6,31.3,37.3,86.0,28,5.1,Yes,High School,Middle,Yes,Good,46.27,Fail
STU00122,Kenneth Scott,20,Female,1.2,62.2,76.9,89.9,88.1,13,6.4,Yes,Diploma,High,No,Average,67.2,Pass
STU00123,April Frost,17,Male,5.5,60.2,49.1,92.7,30.9,2,4.5,No,Diploma,Middle,Yes,Average,55.03,Pass
STU00124,Michelle Harmon,22,Female,3.7,94.6,83.1,53.9,48.2,14,6.3,No,High School,Middle,No,Average,53.95,Pass
STU00125,Helen Jones,16,Female,4.9,63.4,70.6,58.7,68.6,30,6.6,No,Graduate,High,No,Good,59.77,Pass
STU00126,Erin Edwards,22,Female,6.2,57.0,86.5,64.1,92.6,6,8.8,No,Postgraduate,Low,Yes,Excellent,72.08,Pass
STU00127,Michelle Evans,20,Female,3.7,51.1,47.5,67.9,74.3,22,5.5,No,High School,High,No,Good,54.45,Pass
STU00128,Jason Powell,15,Male,7.9,76.3,41.2,49.1,31.3,29,9.5,No,Graduate,Low,No,Average,52.37,Pass
STU00129,Cameron Fisher,18,Female,1.4,78.8,47.8,68.8,75.6,21,9.0,Yes,High School,High,Yes,Good,58.46,Pass
STU00130,Megan Orr,22,Male,5.0,83.3,41.4,94.0,59.3,18,6.3,No,Diploma,Low,No,Good,67.43,Pass
STU00131,Elizabeth Kelley,21,Male,4.4,52.3,40.8,81.7,35.8,6,7.6,Yes,Graduate,High,No,Average,46.18,Fail
STU00132,Dustin Jordan,19,Female,2.7,67.8,76.7,50.8,69.6,30,6.9,No,Graduate,Low,No,Poor,48.56,Fail
STU00133,Mary Marshall,17,Male,5.5,96.8,77.6,45.0,32.2,27,5.6,No,Graduate,Low,No,Poor,53.33,Pass
STU00134,Daniel Kennedy,19,Male,4.2,79.8,51.7,84.0,37.5,14,4.5,No,Graduate,High,No,Good,55.03,Pass
STU00135,Rebecca Jackson,16,Male,6.0,74.8,74.7,60.4,47.2,15,8.9,Yes,Graduate,High,Yes,Poor,64.39,Pass
STU00136,Jose Schultz,22,Female,2.5,79.5,53.5,36.4,94.2,20,4.8,No,High School,Low,Yes,Poor,62.89,Pass
STU00137,Robert Potter,19,Female,7.6,72.3,42.0,67.9,91.1,3,8.4,Yes,Diploma,High,Yes,Excellent,74.67,Pass
STU00138,Courtney Gonzalez,22,Female,5.7,92.5,46.2,64.3,45.5,21,9.9,No,Diploma,Middle,Yes,Excellent,65.39,Pass
STU00139,David Alvarez,21,Female,7.6,52.0,75.9,94.8,42.6,1,7.4,No,Diploma,Middle,No,Average,59.1,Pass
STU00140,Angel Perry,20,Male,7.4,98.6,91.4,63.2,90.3,21,9.1,No,Graduate,Low,No,Good,87.08,Pass
STU00141,Cheyenne Horton,18,Male,2.9,91.4,32.4,71.7,46.1,30,4.7,No,High School,High,Yes,Poor,51.32,Pass
STU00142,David Douglas Jr.,15,Female,3.0,86.2,34.2,52.1,67.8,7,8.7,Yes,Diploma,Low,Yes,Average,54.02,Pass
STU00143,Patricia Rodriguez,18,Female,2.9,81.3,87.6,73.1,46.3,24,4.1,Yes,High School,Middle,Yes,Average,57.44,Pass
STU00144,Christopher Rubio,19,Male,7.5,89.9,94.9,54.5,83.7,3,6.4,Yes,Diploma,Low,No,Average,83.6,Pass
STU00145,Amber Wright,20,Male,4.1,81.4,86.8,98.9,83.8,5,6.5,No,High School,Low,No,Poor,83.42,Pass
STU00146,Joyce Solis,16,Female,2.3,55.5,53.1,50.1,50.7,14,5.4,No,High School,Middle,Yes,Poor,42.25,Fail
STU00147,Victoria Larson,19,Female,0.8,50.9,94.2,59.9,56.9,20,8.1,Yes,High School,Middle,No,Excellent,55.99,Pass
STU00148,Stephanie Salazar,16,Female,7.6,73.4,69.9,41.7,99.4,22,5.4,No,High School,Low,No,Average,69.95,Pass
STU00149,Kathy Rivas,16,Male,7.6,82.5,69.5,65.9,46.1,8,5.1,No,Postgraduate,High,No,Excellent,61.22,Pass
STU00150,Stephanie Manning,21,Male,6.3,67.5,33.8,97.8,91.9,25,9.6,Yes,Diploma,Middle,No,Average,67.55,Pass
STU00151,David Wright,21,Female,8.0,58.7,55.8,83.1,78.7,26,4.9,No,Postgraduate,Middle,Yes,Good,64.34,Pass
STU00152,Pamela Boyd,21,Female,2.2,76.8,68.5,70.6,36.4,21,9.3,No,Graduate,Low,No,Poor,55.16,Pass
STU00153,Denise Jones,16,Male,2.5,56.5,87.8,96.9,90.3,2,8.9,No,High School,High,No,Average,73.81,Pass
STU00154,Devon Flores,15,Female,1.2,70.4,54.2,48.2,80.6,21,7.0,Yes,Postgraduate,Middle,No,Poor,63.29,Pass
STU00155,Brenda Hall,19,Female,1.1,61.0,74.4,35.3,89.6,11,7.0,Yes,Diploma,Low,No,Average,68.15,Pass
STU00156,Michelle Brown,16,Female,6.7,67.4,74.1,69.6,48.7,27,9.3,No,High School,Middle,Yes,Excellent,59.07,Pass
STU00157,Joshua Perry,15,Female,6.5,82.9,85.3,90.7,79.6,0,9.0,Yes,Graduate,High,No,Good,84.9,Pass
STU00158,Jason Stein,20,Male,5.1,87.6,40.3,91.7,91.0,5,4.2,Yes,Postgraduate,Low,Yes,Poor,77.08,Pass
STU00159,Melissa Gates,16,Male,6.7,56.4,51.8,82.0,41.3,12,8.9,No,Postgraduate,Middle,Yes,Good,57.63,Pass
STU00160,Jamie Smith,19,Female,0.5,64.4,70.1,98.7,74.2,24,5.6,Yes,High School,Low,Yes,Poor,64.48,Pass
STU00161,Paul Castaneda,16,Female,5.3,77.0,80.7,37.5,83.3,14,7.2,No,Postgraduate,High,No,Excellent,65.62,Pass
STU00162,Jennifer Adkins,19,Male,5.2,96.6,36.7,95.6,78.2,24,4.4,Yes,Graduate,Middle,Yes,Good,69.66,Pass
STU00163,Lindsey Walker,22,Female,2.8,85.4,34.4,70.8,54.2,1,7.7,Yes,Postgraduate,High,Yes,Poor,52.62,Pass
STU00164,Jeffrey Johnson,18,Female,6.2,51.2,31.4,52.7,64.2,30,8.6,Yes,Diploma,Middle,No,Good,53.72,Pass
STU00165,Michael Powell,16,Male,5.6,72.3,47.8,99.8,59.8,15,6.7,No,Diploma,Low,No,Average,66.1,Pass
STU00166,John Anderson,20,Male,5.7,61.0,35.4,77.6,75.8,12,5.6,Yes,Postgraduate,Low,No,Poor,57.88,Pass
STU00167,Alyssa Long,20,Female,7.6,57.6,58.1,96.1,59.4,18,7.8,No,Postgraduate,Middle,Yes,Excellent,58.22,Pass
STU00168,Alyssa Day,15,Female,7.9,70.5,88.1,46.1,44.9,5,4.2,No,Graduate,Low,No,Poor,58.41,Pass
STU00169,Joel Williams,18,Female,5.4,68.4,86.2,63.1,97.8,18,5.1,No,High School,Middle,No,Good,73.11,Pass
STU00170,Daniel Murphy,18,Female,6.3,92.2,79.5,73.8,39.2,24,4.2,Yes,High School,High,Yes,Average,65.03,Pass
STU00171,Jamie Walton,20,Female,7.4,80.8,81.8,63.7,38.2,23,4.8,Yes,Diploma,Low,Yes,Good,58.13,Pass
STU00172,Darlene Miller,18,Male,2.0,74.6,34.2,70.7,48.8,19,8.8,Yes,High School,Low,No,Excellent,58.11,Pass
STU00173,Joshua Cooke,22,Female,2.8,72.8,30.8,35.1,57.5,27,6.9,No,Diploma,Middle,Yes,Excellent,36.9,Fail
STU00174,Matthew Harrington,22,Female,5.7,93.0,80.7,32.8,63.6,25,4.6,No,High School,Middle,Yes,Good,65.81,Pass
STU00175,Nicole Herring,22,Female,2.3,99.3,39.3,64.9,73.3,1,8.2,Yes,Graduate,Middle,Yes,Poor,61.02,Pass
STU00176,Alex Hernandez,21,Female,2.9,75.9,35.7,54.5,32.3,18,4.5,Yes,Postgraduate,High,Yes,Good,42.81,Fail
STU00177,Michael Elliott,22,Male,3.5,56.6,66.9,78.3,86.0,30,5.2,Yes,Postgraduate,Low,No,Poor,67.76,Pass
STU00178,Michael Wang,17,Male,0.7,96.8,33.4,67.9,79.6,7,9.2,No,Postgraduate,High,Yes,Good,64.29,Pass
STU00179,Lawrence Adkins,20,Female,5.9,90.1,52.1,87.0,35.6,12,9.4,No,Graduate,High,Yes,Good,68.93,Pass
STU00180,Robert Oconnell,16,Female,3.9,82.2,64.2,81.2,35.7,3,4.4,No,Graduate,Middle,Yes,Good,57.38,Pass
STU00181,Alexander Collins,16,Male,2.4,58.0,86.7,45.3,98.3,29,6.0,No,Graduate,High,No,Average,63.19,Pass
STU00182,Tina Sanders,16,Female,5.4,74.9,66.1,80.3,46.0,17,10.0,No,Graduate,Low,Yes,Excellent,59.0,Pass
STU00183,Angela Vaughn,20,Male,7.8,82.5,43.0,77.6,35.1,11,4.2,No,Diploma,Low,No,Excellent,57.7,Pass
STU00184,Ashley Barton,18,Male,7.0,86.4,78.3,59.8,54.2,4,6.2,Yes,High School,Middle,Yes,Poor,59.03,Pass
STU00185,Lindsay Martinez,20,Male,7.9,52.0,86.4,70.5,60.7,19,8.4,No,Diploma,Low,Yes,Average,71.62,Pass
STU00186,Dr. Hannah Patterson,22,Male,7.3,71.1,48.0,71.5,93.9,13,5.3,No,Diploma,Middle,No,Excellent,70.46,Pass
STU00187,Jonathan Peterson,18,Male,5.2,81.6,77.7,39.2,80.1,9,9.5,No,Diploma,Middle,No,Excellent,64.73,Pass
STU00188,Samantha Garcia,19,Female,7.8,59.0,85.5,64.5,47.3,16,9.2,No,Diploma,Low,Yes,Good,60.39,Pass
STU00189,Madison Poole,15,Female,3.8,75.7,53.4,71.5,41.4,27,6.3,No,High School,High,Yes,Good,45.33,Fail
STU00190,Jessica Gross,16,Male,6.3,56.5,93.0,61.8,46.5,8,4.4,No,Diploma,Middle,Yes,Average,65.16,Pass
STU00191,Debra Morton,22,Female,1.8,76.0,51.9,88.0,60.2,29,5.5,Yes,Postgraduate,Low,No,Good,61.96,Pass
STU00192,Karen Graham,18,Female,1.8,58.4,32.4,81.5,76.5,2,6.8,No,Diploma,Low,No,Poor,58.72,Pass
STU00193,Debra Christian,20,Male,6.8,90.3,68.0,90.8,44.4,4,4.7,Yes,Graduate,Middle,Yes,Excellent,67.32,Pass
STU00194,Angelica Keith,22,Male,4.5,96.8,32.6,38.5,61.7,28,9.6,Yes,High School,Middle,Yes,Average,55.7,Pass
STU00195,John Bishop,21,Male,2.9,75.4,32.7,40.4,99.1,24,9.8,No,Diploma,Middle,Yes,Poor,63.34,Pass
STU00196,Allen Rosales,18,Female,3.9,75.8,61.8,76.7,39.8,20,4.2,No,High School,Low,No,Poor,55.03,Pass
STU00197,Daniel Salinas,18,Male,2.8,85.2,43.1,77.1,97.9,9,4.6,No,High School,High,No,Average,63.08,Pass
STU00198,Spencer Haynes,21,Male,7.0,58.9,75.0,88.7,96.1,21,8.1,Yes,Graduate,Low,Yes,Excellent,85.01,Pass
STU00199,Adam Vaughan,22,Male,4.2,80.9,86.5,69.9,32.1,20,9.6,No,Graduate,Middle,Yes,Good,63.87,Pass
STU00200,Nathan Freeman,16,Female,2.1,82.9,55.6,75.6,37.5,7,7.9,Yes,Graduate,Low,Yes,Good,58.76,Pass
STU00201,Melissa Brewer,20,Male,8.0,52.4,93.5,58.5,91.0,26,8.7,No,Postgraduate,High,Yes,Average,80.85,Pass
STU00202,Ricky Davis II,16,Female,7.1,70.2,51.3,76.7,86.5,1,8.6,No,Diploma,Low,Yes,Poor,74.65,Pass
STU00203,Elizabeth Perkins,20,Female,6.5,71.8,83.2,38.4,68.1,16,4.0,No,Postgraduate,Middle,Yes,Average,56.73,Pass
STU00204,Joseph Coleman,19,Female,3.5,84.8,55.3,61.4,46.6,27,6.2,Yes,Graduate,Middle,Yes,Good,45.88,Fail
STU00205,Erin Warner,21,Female,2.2,53.7,69.2,76.8,73.4,23,6.8,No,Postgraduate,Middle,Yes,Excellent,61.12,Pass
STU00206,David Martinez,22,Female,4.4,74.0,31.7,53.9,56.6,29,6.4,No,High School,High,No,Poor,48.72,Fail
STU00207,Bryan Herrera,21,Male,4.9,76.7,69.5,83.5,86.9,17,8.3,No,Graduate,Low,Yes,Good,75.45,Pass
STU00208,Cathy Robinson,19,Female,2.3,96.4,33.9,95.4,54.6,14,4.6,No,Diploma,High,No,Good,58.94,Pass
STU00209,Dr. William Warren,22,Male,4.1,62.8,48.5,51.5,86.2,23,7.2,No,Postgraduate,Middle,Yes,Poor,62.69,Pass
STU00210,Brian Lee,21,Female,5.9,63.6,56.9,38.5,42.7,16,8.1,Yes,High School,Low,No,Poor,43.36,Fail
STU00211,Christopher Smith,17,Male,1.9,76.3,76.1,37.5,69.7,7,5.5,No,Graduate,Middle,Yes,Average,55.24,Pass
STU00212,Denise Mccann,22,Female,6.5,77.5,32.8,74.3,96.6,11,7.6,No,High School,High,Yes,Good,73.36,Pass
STU00213,Melissa Martinez,21,Female,6.6,94.2,44.8,44.8,72.8,20,6.5,No,Diploma,Low,Yes,Average,57.89,Pass
STU00214,Katherine Salas,22,Female,6.4,63.7,83.5,59.7,76.7,29,4.6,Yes,Graduate,Middle,No,Average,61.33,Pass
STU00215,Julie Alexander,19,Female,5.2,72.6,68.1,41.8,81.6,6,9.2,Yes,Diploma,Low,No,Average,64.23,Pass
STU00216,Anthony Everett,22,Male,0.7,82.1,69.5,68.3,46.2,25,6.3,No,Graduate,High,Yes,Good,49.95,Fail
STU00217,Rodney Morales,19,Male,5.0,74.8,94.2,39.6,78.7,22,6.4,Yes,Graduate,High,Yes,Poor,73.47,Pass
STU00218,Mark Brown,18,Male,5.7,99.6,38.3,37.3,80.7,7,7.5,No,High School,Middle,No,Excellent,62.4,Pass
STU00219,Justin Torres,17,Male,2.6,54.0,35.6,92.6,43.4,2,5.9,No,Postgraduate,High,No,Excellent,45.26,Fail
STU00220,Bailey Duran DDS,21,Male,1.0,76.0,34.4,86.0,46.4,4,7.2,No,High School,Middle,No,Good,43.82,Fail
STU00221,Courtney Mills,17,Male,7.1,82.5,64.6,52.7,53.3,24,8.0,Yes,Postgraduate,High,Yes,Poor,70.7,Pass
STU00222,Jeremy Dalton,17,Female,4.0,53.0,66.5,97.0,42.3,5,8.1,Yes,Graduate,High,Yes,Good,58.85,Pass
STU00223,Elizabeth Oliver DDS,19,Male,2.0,76.8,36.3,61.5,82.9,8,6.1,Yes,Graduate,Low,No,Poor,62.21,Pass
STU00224,Theresa Clark,17,Male,7.5,61.7,56.0,40.7,99.5,5,9.6,No,High School,Low,Yes,Poor,73.13,Pass
STU00225,Matthew Moore,19,Male,4.5,92.1,63.9,73.7,36.2,24,8.5,No,High School,Middle,No,Good,59.07,Pass
STU00226,Benjamin Smith,22,Male,6.4,85.4,32.4,51.2,48.4,25,6.2,No,Graduate,Middle,Yes,Poor,53.56,Pass
STU00227,Kirk Carter,17,Female,1.2,96.8,66.0,51.4,57.8,13,6.7,No,Postgraduate,Low,No,Average,57.66,Pass
STU00228,Michael Warner,20,Female,7.4,74.8,94.5,89.6,44.6,23,9.6,No,Postgraduate,Low,No,Poor,82.56,Pass
STU00229,Michael Bradshaw,20,Male,1.4,90.9,54.7,91.5,90.8,14,8.8,Yes,Graduate,Middle,Yes,Average,65.09,Pass
STU00230,Lori Guerrero,16,Male,1.1,70.1,41.3,78.6,54.2,9,9.9,No,Postgraduate,Low,Yes,Good,56.63,Pass
STU00231,Jessica Stephens,20,Male,5.3,91.1,38.6,90.3,94.6,24,6.9,Yes,Postgraduate,High,No,Excellent,79.14,Pass
STU00232,Susan Serrano,19,Female,1.8,75.1,55.9,40.2,55.7,0,4.4,Yes,Postgraduate,High,No,Average,51.72,Pass
STU00233,Christopher Parker,18,Female,0.7,56.8,92.6,68.5,97.6,1,6.6,Yes,Graduate,Middle,No,Good,64.76,Pass
STU00234,Laura Roberts,15,Male,3.8,55.3,71.7,45.1,73.4,13,7.9,Yes,Graduate,High,No,Excellent,46.83,Fail
STU00235,Michael Lyons,20,Male,1.6,53.1,80.7,62.2,34.1,12,10.0,Yes,Diploma,Middle,No,Poor,48.12,Fail
STU00236,Kathryn Snyder,21,Female,7.9,62.0,39.2,38.5,51.2,24,4.6,No,High School,Low,Yes,Excellent,49.88,Fail
STU00237,Andrew Reynolds,20,Female,5.7,53.1,63.1,99.8,87.0,17,7.7,No,Diploma,Low,No,Poor,74.39,Pass
STU00238,David Davis,15,Male,4.5,71.3,38.5,92.1,61.5,4,5.2,No,Postgraduate,High,No,Average,52.44,Pass
STU00239,Sara Johnston,17,Female,3.3,70.7,83.8,81.4,83.9,29,4.1,No,Diploma,Middle,No,Good,62.35,Pass
STU00240,Yvonne Chambers,22,Female,0.6,63.0,79.4,39.6,67.5,15,5.3,Yes,Graduate,Middle,Yes,Excellent,36.64,Fail
STU00241,Andrew Avila,19,Male,0.6,62.1,93.4,86.1,97.2,19,6.9,No,Graduate,High,Yes,Poor,66.92,Pass
STU00242,Matthew Moon,22,Male,3.9,92.2,36.4,64.2,40.5,16,5.9,No,Diploma,High,Yes,Poor,47.45,Fail
STU00243,Kevin Walters,16,Male,6.0,73.8,54.4,57.6,62.2,0,8.7,No,Graduate,Middle,Yes,Excellent,59.36,Pass
STU00244,Brandon Bailey MD,18,Female,5.7,71.9,46.6,88.9,32.7,16,9.4,No,High School,High,Yes,Average,61.87,Pass
STU00245,Shannon Rivera,20,Female,4.0,81.9,72.9,92.7,74.6,16,7.7,No,Graduate,Low,No,Good,69.78,Pass
STU00246,Donna Landry,20,Female,1.6,86.9,63.3,77.6,32.9,19,4.5,No,Diploma,Low,No,Good,46.32,Fail
STU00247,Krista Gibson,18,Female,5.9,53.6,34.6,30.8,97.0,24,8.4,No,Diploma,High,No,Good,50.91,Pass
STU00248,Frank Cordova,22,Female,3.1,88.7,73.0,43.0,42.2,17,4.6,No,Graduate,Low,No,Excellent,47.24,Fail
STU00249,Jose Travis,20,Male,5.5,88.2,47.2,31.5,35.8,9,9.8,Yes,Graduate,High,Yes,Good,57.69,Pass
STU00250,Kimberly Gutierrez,22,Female,5.2,69.1,43.4,38.5,73.1,23,8.6,No,Diploma,Low,No,Good,52.35,Pass
STU00251,Isaiah Avila,17,Male,5.3,76.5,32.7,97.8,85.9,19,5.8,Yes,Diploma,Low,Yes,Average,67.57,Pass
STU00252,Olivia Harris,15,Male,4.9,87.4,82.8,76.0,39.0,13,6.0,No,Postgraduate,Low,Yes,Poor,63.28,Pass
STU00253,Tanya Kim,17,Female,7.5,61.2,54.2,60.2,60.8,20,7.7,No,Postgraduate,High,Yes,Good,59.41,Pass
STU00254,Barbara Dudley,20,Female,7.2,82.3,48.6,87.1,90.3,20,9.1,Yes,High School,High,Yes,Poor,74.06,Pass
STU00255,Cynthia Moore,17,Female,7.4,62.6,79.1,62.2,88.9,28,8.4,Yes,High School,Middle,No,Average,74.53,Pass
STU00256,Kristen Davis,19,Male,1.8,77.3,94.0,95.6,33.0,0,5.0,No,High School,Middle,No,Excellent,63.89,Pass
STU00257,Susan Murray MD,22,Male,1.5,86.3,83.2,44.9,65.4,27,9.0,No,Graduate,Low,Yes,Good,58.98,Pass
STU00258,Kathleen Moran,17,Female,4.9,75.4,49.3,69.6,78.2,20,9.2,No,Diploma,Low,No,Good,72.76,Pass
STU00259,Denise Davenport,18,Male,5.3,88.1,40.4,62.3,30.7,19,5.5,No,Postgraduate,High,No,Poor,50.44,Pass
STU00260,Mrs. Kristen Reyes,21,Male,6.5,60.2,66.1,81.3,73.1,5,5.1,Yes,Postgraduate,Middle,Yes,Poor,62.41,Pass
STU00261,Katie Suarez,19,Female,3.2,89.2,66.0,30.4,83.3,7,4.2,No,Graduate,Middle,No,Poor,56.6,Pass
STU00262,Desiree Tyler,19,Female,7.7,68.4,51.3,40.4,51.4,22,9.3,Yes,High School,High,Yes,Excellent,60.41,Pass
STU00263,Timothy Romero,19,Male,8.0,68.4,59.2,80.5,92.0,12,7.6,No,High School,High,No,Good,68.14,Pass
STU00264,Diane Evans,18,Male,5.7,50.2,70.3,54.9,85.6,30,4.6,Yes,Postgraduate,Low,No,Good,51.4,Pass
STU00265,Yvonne Burns,21,Female,4.9,74.0,71.8,34.5,70.6,24,7.4,Yes,Diploma,High,Yes,Excellent,69.19,Pass
STU00266,Joshua Reed,20,Male,5.6,90.2,47.5,87.8,64.9,29,4.5,Yes,High School,High,Yes,Average,70.45,Pass
STU00267,Kimberly Gibson,17,Female,0.9,66.7,81.0,79.5,85.2,27,7.1,No,High School,High,Yes,Excellent,55.54,Pass
STU00268,Colin Terry,16,Female,3.0,71.7,35.8,45.4,71.9,25,8.4,Yes,Postgraduate,Low,No,Excellent,50.85,Pass
STU00269,Cynthia Rowe,15,Female,8.0,96.7,71.8,59.5,74.5,21,8.7,No,High School,Middle,No,Poor,73.78,Pass
STU00270,Patrick Thornton,18,Male,6.8,69.2,67.2,71.1,42.9,1,6.2,No,Graduate,High,Yes,Poor,56.26,Pass
STU00271,Jasmin Alvarado,16,Female,3.0,51.3,31.6,88.2,49.1,1,7.1,No,Postgraduate,Low,Yes,Excellent,51.2,Pass
STU00272,Veronica Simpson,20,Female,2.4,71.5,86.7,88.9,43.0,14,8.8,No,Postgraduate,Low,Yes,Good,58.15,Pass
STU00273,Jonathan Lawrence,16,Male,3.9,74.1,38.7,35.6,81.0,17,7.0,No,Diploma,High,Yes,Poor,63.63,Pass
STU00274,Shelly Alexander,15,Female,6.2,57.9,69.7,39.5,82.6,14,7.9,No,Postgraduate,Low,Yes,Excellent,60.5,Pass
STU00275,Joyce Bowen,20,Male,7.7,53.4,33.7,49.8,48.3,8,5.5,Yes,High School,Low,No,Poor,50.54,Pass
STU00276,Matthew Moore,18,Male,2.5,88.0,59.2,84.4,34.6,2,6.9,Yes,High School,Middle,Yes,Average,57.56,Pass
STU00277,Wayne Morgan,15,Female,0.8,53.1,88.9,39.7,67.3,14,6.5,Yes,Diploma,Low,Yes,Good,53.77,Pass
STU00278,Marie Christian,18,Female,0.7,83.2,92.6,69.2,95.6,18,4.3,No,Diploma,Middle,Yes,Average,65.07,Pass
STU00279,Shannon James,21,Female,3.6,63.0,77.5,98.7,48.0,8,7.9,Yes,Diploma,High,No,Excellent,62.4,Pass
STU00280,Nathan Malone,15,Female,4.0,98.6,69.6,54.5,38.0,30,4.9,No,Graduate,High,No,Excellent,48.0,Fail
STU00281,Amanda Jones,17,Female,2.2,62.5,85.3,69.3,66.6,12,4.7,Yes,Postgraduate,Low,Yes,Good,59.76,Pass
STU00282,Tammie Bright,17,Female,1.0,85.4,65.3,35.7,62.1,29,6.9,Yes,Postgraduate,Middle,Yes,Excellent,53.65,Pass
STU00283,Jessica Garcia,18,Female,1.7,97.3,85.2,76.8,62.4,6,6.5,No,High School,Middle,No,Poor,68.29,Pass
STU00284,Shelia Wallace,18,Male,1.0,75.6,82.4,62.1,33.6,8,8.7,No,High School,Low,Yes,Average,60.91,Pass
STU00285,Stephanie Williams,22,Male,2.0,62.9,40.7,53.1,83.0,27,7.1,No,Graduate,Low,Yes,Average,53.62,Pass
STU00286,Elaine Brooks,16,Female,7.1,93.5,45.5,61.6,98.9,29,8.6,Yes,Diploma,Middle,Yes,Good,72.94,Pass
STU00287,Joseph Knight,19,Female,0.7,53.3,60.2,93.6,67.7,14,7.0,No,Graduate,Middle,No,Excellent,55.56,Pass
STU00288,Carolyn Miller,22,Male,6.7,69.0,80.4,97.5,44.3,25,7.1,No,Graduate,Low,No,Good,61.41,Pass
STU00289,Lisa Allen,21,Male,2.7,89.6,67.5,74.4,85.9,18,6.4,Yes,Diploma,Low,No,Excellent,67.48,Pass
STU00290,Briana Murray,19,Male,1.7,84.8,81.6,52.2,90.0,6,9.4,No,Diploma,Middle,Yes,Excellent,71.08,Pass
STU00291,David Smith,20,Female,2.6,99.2,39.1,44.1,42.9,24,9.4,No,Postgraduate,Middle,Yes,Good,45.44,Fail
STU00292,Stephanie Byrd,17,Male,3.8,80.8,35.4,91.8,86.3,23,7.0,No,Diploma,High,Yes,Poor,67.26,Pass
STU00293,Jeremy Reed,16,Male,7.8,70.9,94.0,76.8,74.4,24,5.0,Yes,Postgraduate,Low,Yes,Poor,72.19,Pass
STU00294,Margaret Coleman,17,Male,1.7,50.6,66.4,66.9,80.4,6,9.3,No,Graduate,Low,No,Excellent,62.38,Pass
STU00295,Ryan Gonzalez,15,Male,1.1,86.6,42.2,90.1,87.3,17,7.2,No,High School,Low,No,Good,57.92,Pass
STU00296,John Young,15,Female,4.0,91.1,59.9,55.0,64.6,25,9.0,Yes,High School,Low,Yes,Average,66.8,Pass
STU00297,Laura Haney,18,Female,3.0,58.7,76.3,87.8,37.0,26,5.4,No,Graduate,Middle,Yes,Good,49.37,Fail
STU00298,William Barrett,21,Female,3.9,87.4,72.3,73.5,54.7,18,9.0,Yes,Diploma,Middle,Yes,Poor,58.43,Pass
STU00299,Keith Jennings,16,Female,4.0,99.0,71.2,38.8,77.3,12,6.0,No,Postgraduate,Low,Yes,Average,62.6,Pass
STU00300,Amber Obrien,16,Female,1.8,92.8,44.8,88.6,49.5,27,7.9,No,Graduate,High,Yes,Poor,56.58,Pass
STU00301,Tanner Mitchell DDS,18,Male,5.7,75.6,49.8,44.9,32.3,28,5.8,No,Graduate,Low,Yes,Good,50.76,Pass
STU00302,Heather Fields,15,Male,7.0,88.3,81.2,76.5,48.2,29,9.4,No,High School,Low,Yes,Excellent,69.19,Pass
STU00303,Megan Le,16,Female,5.5,78.0,37.2,61.3,62.2,5,9.2,Yes,Postgraduate,High,No,Excellent,49.47,Fail
STU00304,Sara Fuller,17,Male,7.8,55.5,57.5,32.9,81.8,16,9.5,No,High School,Low,No,Average,67.12,Pass
STU00305,Maria Parker,16,Female,2.6,92.9,49.0,93.8,82.8,19,8.8,No,Graduate,Low,No,Excellent,63.4,Pass
STU00306,Kevin Oconnor,22,Male,6.7,64.1,86.7,37.9,79.3,11,7.2,No,Postgraduate,Low,No,Poor,71.83,Pass
STU00307,Edward Burgess,19,Male,1.2,62.1,30.8,62.8,51.1,22,7.6,Yes,High School,Middle,Yes,Excellent,37.82,Fail
STU00308,Carlos Ryan,17,Female,6.1,52.4,88.7,89.7,76.7,10,7.6,No,High School,Low,Yes,Good,65.31,Pass
STU00309,Kiara Mcintyre,22,Female,7.2,59.3,35.1,46.8,85.6,24,4.2,No,High School,Low,Yes,Average,59.1,Pass
STU00310,Dawn Summers,21,Female,1.0,91.6,68.9,38.0,36.6,17,9.5,No,High School,Low,Yes,Good,54.24,Pass
STU00311,Dr. Paul Morgan,16,Female,5.5,91.5,87.1,70.0,66.2,27,6.6,No,High School,Middle,No,Excellent,66.06,Pass
STU00312,Victor Taylor,16,Male,6.3,80.1,88.0,61.0,72.5,18,7.8,Yes,Postgraduate,Low,Yes,Good,61.25,Pass
STU00313,Shannon Ramsey,19,Female,4.9,85.1,45.4,65.9,37.3,15,6.3,Yes,High School,Low,No,Good,64.73,Pass
STU00314,Tracy Ballard,21,Female,7.6,80.0,78.3,65.4,74.4,15,4.4,Yes,Graduate,Middle,Yes,Excellent,70.23,Pass
STU00315,Richard Smith,18,Female,2.4,68.1,60.7,33.2,39.8,3,5.7,Yes,Graduate,Low,No,Good,37.67,Fail
STU00316,Jordan Chambers,21,Female,5.1,64.0,43.5,66.2,30.4,14,4.0,No,Postgraduate,High,Yes,Good,46.6,Fail
STU00317,Lauren Carson,20,Male,2.1,51.8,37.0,53.7,86.2,15,7.4,No,Diploma,Middle,No,Good,42.28,Fail
STU00318,Ashley Hall,22,Male,7.5,69.9,35.7,73.2,38.0,10,6.1,No,Graduate,Middle,No,Poor,56.5,Pass
STU00319,Stephen Hoffman,18,Male,4.3,93.7,62.1,79.2,99.5,21,4.8,Yes,Postgraduate,High,Yes,Excellent,69.63,Pass
STU00320,Connie Brown,19,Male,3.7,70.6,89.0,80.0,72.6,26,5.9,No,Postgraduate,Low,No,Average,57.34,Pass
STU00321,Susan Turner,19,Male,6.7,97.8,83.4,30.1,74.5,22,4.3,No,Postgraduate,Low,No,Excellent,75.78,Pass
STU00322,Charles Shah,21,Female,1.4,69.2,59.7,55.8,38.5,17,6.5,Yes,Graduate,High,Yes,Poor,49.45,Fail
STU00323,Johnathan Davis,18,Female,6.1,53.6,35.2,54.8,95.9,5,8.0,Yes,Postgraduate,Middle,No,Poor,57.68,Pass
STU00324,Brandy Chavez,15,Male,5.0,50.5,71.3,93.9,72.9,8,9.2,Yes,Diploma,Middle,No,Excellent,73.33,Pass
STU00325,Natalie Bautista,22,Male,5.9,56.0,88.7,34.7,67.4,11,4.9,Yes,Postgraduate,Low,No,Excellent,58.81,Pass
STU00326,Patrick Moore,16,Male,2.7,74.3,67.5,33.1,38.6,26,7.4,Yes,Graduate,Middle,No,Excellent,44.72,Fail
STU00327,Brett Burns,18,Female,3.1,86.5,72.4,89.2,78.5,11,6.6,No,High School,Middle,No,Good,63.21,Pass
STU00328,Trevor Johnson,16,Female,2.8,89.4,59.0,85.9,87.6,1,9.1,Yes,High School,Middle,Yes,Average,75.81,Pass
STU00329,Jeremy Sampson,18,Male,7.4,71.5,50.7,70.8,56.0,17,7.6,Yes,Graduate,High,No,Excellent,67.66,Pass
STU00330,Ariana Jennings,18,Female,3.3,58.3,58.0,40.0,92.3,20,6.1,Yes,Diploma,High,No,Excellent,62.31,Pass
STU00331,Vanessa Howard,15,Male,1.7,51.3,72.0,74.6,53.8,14,4.4,No,Postgraduate,Low,Yes,Average,41.27,Fail
STU00332,Colton Martinez,19,Male,5.6,80.3,53.7,45.3,99.2,18,6.7,Yes,Diploma,Middle,No,Average,63.73,Pass
STU00333,Jordan Bates,22,Male,5.7,57.0,61.6,31.9,65.4,8,9.8,No,Graduate,High,No,Excellent,54.38,Pass
STU00334,Linda Smith,16,Female,0.7,69.4,40.4,31.6,82.9,11,6.8,No,Diploma,High,No,Poor,48.47,Fail
STU00335,Dana Martinez,17,Female,2.7,95.0,37.5,96.9,52.0,3,9.3,Yes,Graduate,Low,Yes,Good,67.44,Pass
STU00336,Andrea Hubbard,17,Female,7.9,64.4,92.5,57.3,57.0,13,6.0,Yes,Postgraduate,Middle,Yes,Excellent,67.96,Pass
STU00337,Daniel Kane,17,Male,4.6,57.7,66.0,67.9,83.3,15,9.0,No,Diploma,Low,No,Excellent,55.07,Pass
STU00338,Charles Lester,15,Female,2.4,59.7,33.7,54.0,48.9,30,9.8,Yes,Postgraduate,Low,Yes,Excellent,41.01,Fail
STU00339,Scott Thomas,22,Female,4.7,67.4,67.7,39.7,61.1,21,7.8,No,Postgraduate,High,No,Excellent,42.83,Fail
STU00340,David Thompson,17,Male,8.0,94.0,70.5,69.9,73.4,18,5.2,Yes,Diploma,Middle,Yes,Good,72.58,Pass
STU00341,Allison Smith,18,Female,3.5,52.0,60.9,68.0,45.9,5,9.8,No,Postgraduate,High,Yes,Poor,53.44,Pass
STU00342,Cynthia Morris,19,Female,4.5,93.5,38.5,85.3,38.7,17,8.8,Yes,Postgraduate,High,Yes,Excellent,60.42,Pass
STU00343,Anthony Harmon,16,Male,2.6,93.9,91.4,40.4,62.4,9,9.9,Yes,Postgraduate,Middle,No,Poor,68.71,Pass
STU00344,Nichole Alvarez,22,Male,4.9,68.8,48.6,44.2,83.3,24,6.3,Yes,Diploma,High,No,Excellent,58.19,Pass
STU00345,Kayla Rodriguez,17,Male,4.3,74.6,67.5,90.6,98.7,25,6.4,Yes,Diploma,Low,No,Good,74.68,Pass
STU00346,Theresa Williams,17,Female,4.8,97.8,43.0,37.6,89.8,22,6.6,No,Graduate,High,No,Poor,67.43,Pass
STU00347,Sharon Boyd,17,Female,6.9,94.7,34.1,91.8,61.4,29,7.1,Yes,Graduate,High,Yes,Average,70.04,Pass
STU00348,Victor Brown,18,Male,0.6,73.8,74.7,80.6,78.5,22,4.8,No,Diploma,High,No,Excellent,59.98,Pass
STU00349,James Parks,17,Female,2.7,67.9,82.3,49.5,44.7,20,9.7,No,Postgraduate,Middle,Yes,Poor,57.2,Pass
STU00350,Theodore Jones Jr.,21,Female,2.7,50.7,78.0,88.4,81.8,22,4.9,No,Postgraduate,Middle,No,Poor,63.43,Pass
STU00351,Ana Hill,16,Female,6.2,88.4,72.8,83.6,89.2,20,7.7,No,High School,High,No,Average,76.78,Pass
STU00352,Kimberly Nguyen,21,Male,1.1,70.4,56.5,34.6,54.4,15,4.7,No,Graduate,Middle,No,Average,39.85,Fail
STU00353,Kerry Chavez DDS,22,Female,6.6,97.4,34.7,96.9,66.6,28,5.8,Yes,High School,Low,No,Poor,68.35,Pass
STU00354,Michael Farrell,16,Male,6.5,85.4,33.3,35.1,58.2,14,5.8,No,High School,Middle,Yes,Average,51.49,Pass
STU00355,Patricia Le,19,Male,2.2,64.1,82.2,95.0,58.4,27,9.4,No,High School,High,No,Good,58.8,Pass
STU00356,Jesse Perez,16,Female,2.2,82.0,93.6,72.2,55.0,21,7.9,Yes,High School,Middle,No,Average,50.98,Pass
STU00357,Jesse Perry,21,Male,1.4,94.4,62.7,61.5,71.0,22,7.7,Yes,High School,Low,No,Poor,60.58,Pass
STU00358,Jeffery Ortega,17,Male,2.3,85.7,83.5,86.3,68.7,16,7.1,No,High School,Low,No,Poor,63.59,Pass
STU00359,Christian Leblanc,21,Male,1.6,88.8,47.6,64.8,49.9,15,4.8,Yes,Diploma,Middle,Yes,Poor,48.37,Fail
STU00360,Ronald Davis,16,Female,6.1,65.9,30.0,65.8,33.3,11,5.7,No,Diploma,Middle,Yes,Average,49.82,Fail
STU00361,Parker Cain,16,Male,5.8,53.1,84.6,30.3,47.3,19,8.4,Yes,Postgraduate,Middle,Yes,Average,49.56,Fail
STU00362,Laurie Hoffman,21,Female,3.2,63.5,84.8,51.9,85.2,27,9.4,Yes,High School,Low,Yes,Poor,60.99,Pass
STU00363,Bryan Gomez,21,Female,3.8,95.5,54.5,97.5,36.3,30,8.1,No,Graduate,Low,Yes,Good,46.96,Fail
STU00364,Nicole Parrish,16,Male,5.2,85.2,30.3,41.7,79.9,17,8.0,No,High School,High,No,Average,59.19,Pass
STU00365,Tracy Burke,18,Female,7.7,88.1,91.8,79.2,50.9,9,4.6,Yes,Diploma,Middle,No,Poor,74.91,Pass
STU00366,Kenneth Lewis,18,Female,0.9,68.0,92.2,65.0,60.3,20,6.7,Yes,High School,Middle,No,Average,61.31,Pass
STU00367,Courtney Rodriguez,21,Female,2.1,68.4,54.0,33.7,83.7,11,6.5,Yes,Postgraduate,Low,Yes,Poor,55.48,Pass
STU00368,Holly Farmer,15,Female,2.1,82.9,60.7,91.6,45.1,6,8.1,Yes,High School,Middle,No,Excellent,59.59,Pass
STU00369,Renee Bruce,21,Female,5.1,64.8,38.9,75.6,81.7,2,5.9,Yes,Graduate,Low,No,Poor,56.93,Pass
STU00370,Sabrina Austin,18,Male,5.8,60.0,87.9,50.1,55.7,17,4.3,No,Postgraduate,High,Yes,Good,66.16,Pass
STU00371,Allison Hickman,21,Male,1.3,75.8,47.4,88.5,31.0,1,6.3,Yes,High School,Middle,Yes,Excellent,47.64,Fail
STU00372,Debra White,15,Female,4.2,70.2,64.5,71.7,30.7,21,6.8,Yes,High School,Low,Yes,Poor,46.35,Fail
STU00373,Ellen Morgan,17,Female,7.7,76.0,74.0,51.8,84.2,30,8.6,No,Graduate,Low,No,Average,73.05,Pass
STU00374,Sergio Knight,19,Male,1.4,50.8,80.1,86.5,38.4,24,5.6,Yes,Graduate,Middle,No,Poor,47.87,Fail
STU00375,Charles Schultz,19,Male,0.6,64.7,80.3,66.3,54.4,15,6.2,No,Graduate,Low,No,Average,52.08,Pass
STU00376,Paul Lewis,20,Male,6.9,51.2,88.4,84.8,84.6,8,6.7,Yes,High School,Low,Yes,Poor,73.11,Pass
STU00377,Glen Wood,15,Male,3.5,65.1,34.3,46.0,47.3,1,6.9,No,Graduate,Middle,Yes,Average,45.92,Fail
STU00378,Paula Bradley,15,Female,0.9,97.9,91.3,85.0,99.4,7,7.3,No,Diploma,Middle,No,Good,83.82,Pass
STU00379,Anthony Moore,16,Female,7.7,53.8,53.8,45.8,43.7,3,4.8,Yes,Diploma,Low,Yes,Excellent,59.57,Pass
STU00380,Megan Nelson,16,Female,4.8,57.3,82.7,74.5,57.2,27,8.0,No,Graduate,Middle,Yes,Excellent,62.43,Pass
STU00381,Karla Ramos,15,Female,2.4,67.3,89.6,50.3,62.9,6,9.3,No,Graduate,High,Yes,Excellent,57.12,Pass
STU00382,Paul Wilson,20,Female,1.6,50.4,71.0,61.3,39.4,24,9.7,Yes,Diploma,Low,Yes,Excellent,45.98,Fail
STU00383,Douglas Gregory,15,Male,4.5,62.1,62.5,77.6,35.3,17,5.6,No,High School,Middle,Yes,Excellent,50.9,Pass
STU00384,Mr. Andrew Foster,19,Male,4.6,71.6,32.9,41.6,61.2,6,5.3,Yes,Postgraduate,Middle,Yes,Average,58.33,Pass
STU00385,Aimee Turner,19,Male,0.9,92.2,93.8,85.5,89.8,1,5.5,Yes,Postgraduate,High,No,Excellent,64.13,Pass
STU00386,Chad Scott,16,Male,3.8,79.7,34.8,73.6,98.7,16,5.1,Yes,Postgraduate,Low,Yes,Excellent,67.26,Pass
STU00387,Adam Burgess,17,Male,6.4,95.4,91.3,97.2,66.5,9,9.9,No,Graduate,Middle,No,Good,76.82,Pass
STU00388,James Padilla,22,Female,4.1,85.9,46.1,74.8,76.7,7,5.0,Yes,Diploma,Low,Yes,Average,66.42,Pass
STU00389,Sandra Drake,16,Male,4.7,88.6,62.4,30.8,30.6,14,6.1,No,Graduate,Middle,Yes,Good,43.56,Fail
STU00390,Scott Williams,18,Female,2.9,92.4,77.4,36.7,60.0,9,4.2,No,Graduate,Low,Yes,Average,60.26,Pass
STU00391,Thomas Atkins,19,Male,4.1,83.1,37.7,50.2,57.8,6,9.5,No,Diploma,Low,Yes,Good,52.85,Pass
STU00392,Laura Mckinney,21,Male,3.4,87.7,89.7,96.6,70.4,21,6.1,No,Graduate,Low,Yes,Excellent,77.02,Pass
STU00393,Brian Smith,22,Male,6.4,62.6,66.7,55.1,76.0,3,5.4,No,High School,Low,Yes,Poor,64.26,Pass
STU00394,Robert Montgomery,15,Male,2.2,51.9,32.3,42.3,90.7,4,5.7,Yes,Postgraduate,Middle,Yes,Good,46.05,Fail
STU00395,Tamara Davis,16,Male,7.6,79.1,58.4,70.6,66.2,2,8.6,Yes,Postgraduate,Low,Yes,Good,65.58,Pass
STU00396,Dana Chapman,16,Male,7.2,97.3,88.0,59.4,84.6,30,6.9,No,High School,Low,No,Excellent,70.02,Pass
STU00397,Jennifer Collins,22,Male,4.2,60.2,68.4,43.0,53.2,12,9.1,No,Diploma,Middle,Yes,Average,40.25,Fail
STU00398,Gary Jackson,19,Female,6.6,91.8,51.6,78.6,84.0,14,7.9,Yes,High School,High,Yes,Good,74.81,Pass
STU00399,Ashley Hicks,22,Female,1.6,93.8,65.0,49.8,59.8,28,4.2,No,High School,Low,No,Excellent,54.97,Pass
STU00400,Hannah Luna,17,Female,0.5,70.8,64.0,33.8,98.1,6,5.4,Yes,High School,Middle,No,Excellent,53.96,Pass
STU00401,Robin Young,22,Female,2.8,65.2,45.0,30.1,81.1,29,9.8,No,Postgraduate,Middle,Yes,Poor,55.23,Pass
STU00402,Craig Morrison,20,Male,6.1,92.4,57.5,51.2,52.8,0,8.3,No,High School,Middle,No,Average,57.83,Pass
STU00403,Mary Thompson,17,Male,6.6,59.1,54.1,93.1,86.5,7,9.9,Yes,Graduate,High,Yes,Average,69.16,Pass
STU00404,Kathleen Webster,21,Female,4.9,83.1,35.1,68.1,79.7,29,5.0,Yes,Diploma,Low,No,Good,67.92,Pass
STU00405,Joann Glass,15,Female,6.4,79.2,91.9,33.0,48.6,30,7.6,Yes,Diploma,Middle,No,Average,64.78,Pass
STU00406,Madison Weber,22,Male,6.2,55.1,63.4,65.6,55.8,2,9.6,Yes,Diploma,High,Yes,Poor,55.55,Pass
STU00407,Lori Hernandez,22,Male,6.7,84.9,76.4,62.3,94.5,10,8.2,Yes,Diploma,Middle,Yes,Good,80.4,Pass
STU00408,Jeremy Turner,15,Male,2.6,90.4,42.7,54.2,53.5,4,9.9,Yes,High School,High,No,Poor,57.52,Pass
STU00409,Anthony Romero,20,Female,6.9,85.1,77.3,69.3,96.3,18,7.0,Yes,Graduate,Middle,No,Average,72.26,Pass
STU00410,Jesse Brown,17,Female,6.4,86.7,55.0,31.8,88.7,25,4.1,No,Graduate,Low,No,Average,62.15,Pass
STU00411,Angela Lin,17,Female,5.8,98.5,58.4,46.4,79.3,9,8.9,No,Diploma,Low,Yes,Excellent,72.17,Pass
STU00412,Lisa Hunter,15,Male,0.9,75.2,76.7,90.4,42.5,19,8.8,No,Diploma,High,Yes,Excellent,55.17,Pass
STU00413,Julian Conner,17,Female,4.6,69.8,38.6,90.6,41.0,23,5.9,Yes,Diploma,Middle,No,Average,56.33,Pass
STU00414,Joanna Pacheco,16,Female,5.5,89.8,46.3,73.7,70.0,14,9.0,Yes,Graduate,Low,Yes,Poor,64.91,Pass
STU00415,Erica Alvarez,20,Female,7.3,50.6,73.8,33.6,68.4,25,5.7,Yes,High School,Low,No,Excellent,52.22,Pass
STU00416,Antonio Garcia,21,Male,5.2,66.7,77.6,58.3,34.8,28,8.7,No,Postgraduate,Middle,No,Excellent,46.96,Fail
STU00417,Gwendolyn Klein,16,Female,2.6,71.6,74.6,53.3,34.0,25,6.2,Yes,Diploma,Middle,Yes,Poor,48.28,Fail
STU00418,Carrie Wright,19,Male,5.5,81.6,42.9,59.3,82.6,10,4.6,No,High School,Low,No,Average,66.42,Pass
STU00419,Jeffrey Mills,21,Male,2.6,63.8,58.1,98.6,34.7,23,7.1,Yes,High School,Middle,No,Poor,49.91,Fail
STU00420,Jake Campbell,21,Male,6.0,85.2,57.5,54.3,57.8,19,5.6,No,Diploma,Low,Yes,Good,55.79,Pass
STU00421,George Harper,18,Male,2.0,74.2,47.5,50.1,76.0,13,9.8,No,Graduate,Middle,Yes,Poor,52.22,Pass
STU00422,Maria Jones,15,Female,1.1,97.6,49.3,36.4,71.9,18,7.7,No,Diploma,Low,No,Poor,55.35,Pass
STU00423,Michael Mitchell,21,Male,5.4,63.4,31.0,97.6,47.6,9,8.1,No,Diploma,Low,Yes,Average,61.24,Pass
STU00424,Mary Escobar,17,Female,2.8,63.6,68.8,90.6,96.3,2,4.6,No,High School,Middle,No,Excellent,75.74,Pass
STU00425,Felicia Aguilar,22,Female,1.7,97.2,77.9,91.8,44.2,2,7.5,No,Diploma,Middle,No,Good,67.92,Pass
STU00426,Gregory Ponce,17,Female,3.6,50.8,67.9,47.7,61.5,1,9.7,No,Postgraduate,Middle,No,Average,60.22,Pass
STU00427,Jenna Larson,19,Male,3.5,92.0,42.3,77.1,98.4,4,4.6,Yes,High School,High,No,Excellent,69.25,Pass
STU00428,Emily Bennett,18,Male,1.2,87.4,89.4,60.4,48.1,26,6.6,No,Postgraduate,High,No,Average,54.05,Pass
STU00429,Robin Santiago,22,Female,5.9,50.5,68.3,72.9,74.6,2,5.5,No,High School,High,Yes,Poor,61.03,Pass
STU00430,Nancy Jennings,22,Male,2.0,93.9,78.0,31.0,47.4,30,5.3,Yes,Diploma,Low,Yes,Poor,51.7,Pass
STU00431,Maria Henderson,21,Male,2.5,62.4,34.1,62.1,81.3,21,7.6,No,Diploma,High,Yes,Good,50.72,Pass
STU00432,Jack White,20,Male,7.6,91.9,82.3,87.6,95.3,2,7.3,No,Postgraduate,High,No,Good,86.59,Pass
STU00433,Travis Tucker,22,Male,2.0,80.8,78.3,81.7,66.5,25,4.4,No,High School,Middle,Yes,Average,63.65,Pass
STU00434,Chad Jones,16,Male,4.9,76.9,47.5,55.8,92.7,18,8.0,Yes,Graduate,High,No,Excellent,64.39,Pass
STU00435,Ashley Wise,19,Female,6.4,72.7,71.0,47.4,79.4,20,6.6,No,Postgraduate,Low,Yes,Good,75.41,Pass
STU00436,Sophia Johnson,21,Male,7.5,53.2,83.6,50.5,61.1,19,4.1,No,High School,Middle,No,Average,56.41,Pass
STU00437,Ralph Anderson,15,Female,2.8,75.1,33.7,64.4,94.9,29,4.6,No,Graduate,Low,No,Good,55.64,Pass
STU00438,Christopher Guerra,19,Female,5.4,63.0,40.4,41.2,34.9,26,5.1,No,High School,Low,Yes,Good,50.86,Pass
STU00439,Rhonda Martin,22,Female,5.5,94.1,82.9,78.0,37.7,8,5.7,No,High School,Low,No,Average,59.32,Pass
STU00440,Jason Rhodes,21,Female,4.4,76.8,53.2,54.8,88.0,24,8.7,No,High School,High,Yes,Poor,59.63,Pass
STU00441,Jeremy Mitchell,19,Female,2.8,95.7,91.9,52.9,54.8,4,7.0,Yes,Diploma,Low,Yes,Poor,61.76,Pass
STU00442,Joann Ferguson,18,Male,4.7,75.2,42.6,90.1,77.4,14,9.0,Yes,Graduate,High,Yes,Good,61.95,Pass
STU00443,Robert Harrison,20,Female,6.9,87.4,58.5,72.7,41.2,16,8.0,No,High School,High,Yes,Average,65.58,Pass
STU00444,Holly Valentine,20,Female,2.2,55.9,40.7,30.1,80.3,19,8.4,No,Diploma,Middle,No,Good,43.71,Fail
STU00445,Mrs. Diane Reyes,17,Female,4.4,58.1,35.4,31.3,41.6,23,9.3,Yes,Graduate,Low,No,Poor,39.08,Fail
STU00446,Tracy Montoya,17,Male,1.3,61.1,63.7,72.5,47.2,27,4.3,Yes,Diploma,High,Yes,Good,40.04,Fail
STU00447,Brenda Wright,21,Male,3.4,61.7,44.3,97.2,73.1,27,7.3,Yes,Postgraduate,Low,Yes,Poor,51.24,Pass
STU00448,Shelly Spencer,18,Female,4.6,84.8,75.6,42.0,65.0,19,6.5,No,Graduate,Middle,No,Good,51.43,Pass
STU00449,Ryan Rosales,22,Female,7.0,81.6,64.6,38.1,72.4,6,4.7,No,Graduate,High,No,Poor,60.22,Pass
STU00450,Phillip Nelson,15,Female,5.7,60.3,55.5,92.7,44.3,17,7.0,No,Graduate,High,Yes,Excellent,55.81,Pass
STU00451,Brittany Kim,16,Female,3.6,50.9,81.5,34.8,63.2,8,7.4,No,Graduate,Middle,No,Average,60.4,Pass
STU00452,Courtney Hayes,17,Male,2.4,50.5,77.0,67.5,88.5,28,8.9,Yes,Postgraduate,High,No,Average,65.03,Pass
STU00453,Alexander Brown,15,Female,6.8,74.3,51.7,85.4,61.6,9,5.1,No,Postgraduate,Middle,No,Poor,61.22,Pass
STU00454,Cynthia Vang,18,Female,3.4,90.2,88.6,44.2,34.7,23,9.3,Yes,Postgraduate,High,No,Good,55.04,Pass
STU00455,Alfred Galvan,17,Male,3.4,77.1,92.9,34.7,75.4,9,4.4,Yes,Postgraduate,Low,No,Average,67.09,Pass
STU00456,Marie Moody,20,Male,3.8,99.9,66.3,52.5,45.4,7,6.1,No,Diploma,High,No,Excellent,56.17,Pass
STU00457,Dustin Gallegos,20,Female,3.3,53.4,54.0,62.5,80.6,8,7.9,No,Postgraduate,Low,No,Poor,60.9,Pass
STU00458,Brenda Thornton,16,Female,4.1,50.3,82.3,84.1,68.4,28,4.4,Yes,High School,High,No,Good,53.52,Pass
STU00459,Aaron Miller,21,Male,6.2,79.2,80.8,82.6,86.2,27,7.1,Yes,Diploma,Low,No,Excellent,76.42,Pass
STU00460,Ruben Dunn,22,Male,5.2,87.1,41.0,43.6,92.3,10,8.5,Yes,High School,Middle,No,Average,61.88,Pass
STU00461,Kelsey Rodriguez,20,Male,7.3,87.9,68.8,75.8,92.2,0,7.5,No,Graduate,Low,Yes,Average,74.59,Pass
STU00462,Eric Williams,22,Male,4.1,85.8,47.6,44.2,52.0,4,5.4,No,Postgraduate,Middle,No,Excellent,55.91,Pass
STU00463,Riley Bryant,21,Male,2.1,71.2,89.0,65.5,43.2,1,4.5,Yes,Graduate,Low,No,Average,49.76,Fail
STU00464,Taylor Carlson,15,Male,6.7,83.0,81.8,49.0,78.5,20,5.6,Yes,Diploma,High,No,Good,76.8,Pass
STU00465,Jose Allen,17,Male,7.5,81.8,51.1,48.9,43.4,12,8.2,No,Diploma,Low,Yes,Good,61.49,Pass
STU00466,Jeffrey Mendez,19,Female,2.5,83.1,83.0,84.5,83.3,23,5.1,No,Postgraduate,High,Yes,Good,60.67,Pass
STU00467,Jason Beck,22,Female,1.2,84.9,53.9,60.3,32.2,24,5.6,Yes,Diploma,Middle,Yes,Average,46.56,Fail
STU00468,William Jones,18,Male,0.8,83.3,51.0,92.9,92.2,6,6.0,Yes,Diploma,Low,No,Poor,57.37,Pass
STU00469,Katie Mcneil,21,Female,7.3,99.8,83.7,89.1,47.4,24,7.5,Yes,High School,High,Yes,Poor,76.55,Pass
STU00470,Jeanette Harrison,15,Male,6.9,99.9,45.7,32.8,58.8,13,4.8,No,Postgraduate,Low,No,Excellent,63.55,Pass
STU00471,Veronica King,17,Male,0.7,68.0,80.9,69.6,51.9,22,7.9,Yes,Graduate,Middle,Yes,Good,55.32,Pass
STU00472,Richard Cooper,17,Female,6.2,51.9,84.4,73.4,69.4,26,7.7,Yes,High School,Middle,Yes,Poor,70.92,Pass
STU00473,Lori Ingram,22,Male,7.0,79.3,67.8,99.3,83.0,19,6.7,Yes,Graduate,High,Yes,Good,72.16,Pass
STU00474,Evelyn Williams,21,Female,2.2,79.8,90.3,95.0,53.9,5,7.2,Yes,Postgraduate,Low,No,Good,72.12,Pass
STU00475,Robin Thompson,18,Male,2.1,99.8,93.8,75.5,86.3,0,8.3,Yes,High School,High,No,Average,72.06,Pass
STU00476,Julie Dominguez,16,Male,3.9,83.7,74.0,56.1,95.9,23,5.0,Yes,Graduate,High,Yes,Excellent,68.36,Pass
STU00477,Robin Brown,19,Female,4.3,84.5,75.3,75.4,49.3,14,4.9,Yes,High School,Low,Yes,Good,67.1,Pass
STU00478,Judith Carter,20,Female,1.8,85.3,59.6,76.7,88.6,13,5.0,Yes,High School,Low,Yes,Average,72.66,Pass
STU00479,Curtis Williams,17,Female,0.6,89.0,69.6,79.0,88.7,11,8.8,No,Graduate,High,Yes,Good,66.91,Pass
STU00480,Kaylee Hays,20,Male,4.2,70.1,40.0,70.1,49.4,3,9.5,No,Postgraduate,Middle,No,Excellent,58.0,Pass
STU00481,Dawn Mullins,22,Female,4.9,79.6,53.1,33.6,32.2,20,6.5,Yes,High School,Low,Yes,Average,48.39,Fail
STU00482,Howard Norman,16,Female,7.1,94.1,72.8,44.8,90.4,29,9.3,No,Postgraduate,Low,No,Good,70.33,Pass
STU00483,Evelyn Martinez,15,Male,2.0,86.9,48.6,86.2,99.8,15,4.2,No,High School,Middle,No,Poor,68.17,Pass
STU00484,Steve Paul,16,Female,7.8,73.3,85.1,34.4,53.5,20,4.4,No,High School,High,Yes,Good,64.89,Pass
STU00485,Jasmine Beltran,16,Female,7.8,90.8,85.4,95.7,36.0,21,6.3,Yes,Postgraduate,Middle,No,Average,69.12,Pass
STU00486,Jonathan Glass MD,15,Male,2.5,55.0,40.9,40.3,98.1,20,8.6,Yes,Postgraduate,Middle,Yes,Poor,46.95,Fail
STU00487,Monica Miller,22,Female,7.8,72.0,48.1,85.9,52.8,7,5.8,No,Graduate,Low,Yes,Excellent,62.09,Pass
STU00488,Samantha Gardner,21,Male,2.4,67.8,73.8,34.4,44.7,2,8.9,No,Postgraduate,High,No,Poor,47.96,Fail
STU00489,Bobby Guerrero,22,Female,1.6,67.1,86.2,40.8,35.8,10,6.9,Yes,Postgraduate,High,Yes,Poor,49.74,Fail
STU00490,Lance Simmons,21,Female,6.5,56.9,67.7,65.4,40.1,1,7.7,Yes,High School,High,No,Average,48.38,Fail
STU00491,Heather Williams,22,Female,2.6,74.4,35.3,62.2,51.5,11,8.9,Yes,Diploma,Middle,No,Excellent,50.02,Pass
STU00492,Heather Bolton,20,Female,3.9,86.3,67.3,76.7,84.4,3,9.2,Yes,Diploma,Low,No,Good,68.39,Pass
STU00493,William Gould,19,Female,2.9,76.9,84.6,99.3,92.3,22,6.2,Yes,High School,Low,No,Average,72.13,Pass
STU00494,Mark Cox,21,Male,6.1,74.6,61.4,88.7,55.3,8,9.2,Yes,Diploma,Low,No,Average,59.47,Pass
STU00495,Meghan Cisneros,22,Male,3.6,66.4,59.5,83.4,38.8,22,5.2,No,High School,Middle,Yes,Poor,61.09,Pass
STU00496,Lawrence Harrington,22,Female,4.2,82.2,44.9,68.7,56.1,21,8.0,Yes,Postgraduate,Low,Yes,Excellent,65.41,Pass
STU00497,Austin Osborne,22,Male,1.6,78.5,42.0,49.5,45.3,22,5.1,Yes,Diploma,Low,No,Good,41.36,Fail
STU00498,James Bradley,21,Female,7.5,98.5,67.1,40.0,56.2,19,8.8,Yes,Graduate,Middle,No,Good,70.54,Pass
STU00499,Meghan Rush,22,Male,3.3,54.4,66.2,89.2,85.7,4,5.1,No,Graduate,High,No,Average,58.44,Pass
STU00500,Phillip Berry,18,Male,2.1,93.7,46.2,48.4,30.0,19,9.2,No,Graduate,High,Yes,Average,50.47,Pass
STU00501,Jennifer Banks,20,Male,6.4,81.4,78.8,40.6,62.1,24,6.1,No,Postgraduate,High,No,Good,62.21,Pass
STU00502,Brian Fitzgerald,21,Male,7.4,52.0,48.9,44.5,46.7,16,9.5,Yes,High School,Middle,Yes,Poor,48.56,Fail
STU00503,Mr. Justin Green III,15,Male,4.0,73.3,79.4,40.8,64.1,8,6.6,Yes,Graduate,High,No,Average,56.08,Pass
STU00504,Zachary Mitchell,15,Female,6.7,58.5,32.0,44.3,53.8,6,7.1,Yes,Graduate,Middle,Yes,Average,59.05,Pass
STU00505,Katherine Martinez,21,Male,5.1,95.5,63.1,65.1,33.5,16,4.2,No,High School,Middle,No,Excellent,46.35,Fail
STU00506,Jodi Roach,20,Male,6.8,58.0,31.6,61.4,46.6,0,4.3,No,Diploma,High,No,Average,60.72,Pass
STU00507,Brandon Fleming,20,Male,5.9,55.6,69.5,49.7,42.1,24,6.3,Yes,Graduate,Middle,Yes,Poor,49.09,Fail
STU00508,Emma Reed,17,Male,6.1,56.3,80.2,46.6,77.4,23,7.4,Yes,Postgraduate,Low,No,Good,68.75,Pass
STU00509,Joshua Vance,19,Male,7.5,69.4,34.3,31.3,87.9,5,7.1,No,High School,Middle,No,Average,59.21,Pass
STU00510,Michelle Ho,15,Male,3.1,51.5,92.5,76.8,95.3,29,5.6,No,High School,High,No,Excellent,68.96,Pass
STU00511,Rebecca Hicks,20,Male,5.1,83.9,50.6,89.4,96.3,25,9.3,No,Diploma,Low,Yes,Average,69.12,Pass
STU00512,Curtis Taylor,21,Female,2.6,98.2,30.7,80.1,79.4,2,7.7,No,Diploma,Low,No,Good,69.41,Pass
STU00513,Allison Spencer,20,Female,7.9,65.6,52.1,35.5,61.0,6,5.6,No,High School,Low,No,Excellent,63.51,Pass
STU00514,Robert Arnold,18,Male,7.5,59.3,54.2,95.0,34.3,30,4.6,Yes,Graduate,Middle,Yes,Excellent,53.85,Pass
STU00515,Angelica Parker,19,Female,1.7,79.8,39.8,97.8,61.3,0,7.0,No,Postgraduate,Middle,Yes,Good,57.68,Pass
STU00516,Dr. Kelly Hammond DVM,18,Female,5.5,87.6,79.0,70.5,93.3,16,8.9,Yes,High School,Low,Yes,Poor,68.28,Pass
STU00517,William Day,18,Male,6.2,52.8,30.4,44.9,76.4,27,6.5,No,High School,Low,No,Poor,57.79,Pass
STU00518,Michael Cooper,17,Male,7.2,95.5,50.4,78.4,49.0,14,5.1,No,High School,Low,Yes,Poor,64.14,Pass
STU00519,Penny Bowman,17,Female,1.9,67.1,57.9,88.2,38.4,17,8.4,Yes,Diploma,Middle,No,Excellent,41.89,Fail
STU00520,Vincent Reynolds,22,Female,4.2,65.0,68.7,60.4,41.5,13,4.7,No,High School,Middle,Yes,Poor,53.02,Pass
STU00521,Amy Martinez,16,Male,4.6,95.1,52.4,81.3,76.1,22,9.6,Yes,Graduate,High,Yes,Good,70.65,Pass
STU00522,Christopher Morris,19,Male,5.4,94.9,56.0,52.9,30.8,9,9.0,No,Postgraduate,Middle,Yes,Excellent,63.1,Pass
STU00523,Hannah Everett,17,Male,6.5,55.2,67.5,62.5,38.3,4,9.9,No,Graduate,High,Yes,Good,64.43,Pass
STU00524,Sarah King,20,Male,0.7,82.9,64.6,37.2,42.1,17,7.4,Yes,High School,Low,Yes,Excellent,48.7,Fail
STU00525,Krista Martinez,16,Female,2.7,96.9,83.2,98.8,48.2,6,9.8,No,Diploma,Middle,Yes,Average,58.55,Pass
STU00526,Joseph Shaw,17,Male,0.9,52.6,75.0,62.1,45.9,19,7.7,No,Diploma,Low,Yes,Poor,41.9,Fail
STU00527,Todd Moore,22,Male,2.4,78.9,53.3,87.6,87.4,9,6.9,Yes,Graduate,Low,Yes,Excellent,59.38,Pass
STU00528,Michelle Jacobs,20,Female,6.5,66.4,43.6,35.9,62.7,4,6.9,Yes,High School,Middle,Yes,Average,49.13,Fail
STU00529,Kristy Bryan,20,Female,6.8,61.1,54.8,86.6,87.7,14,6.3,No,Graduate,High,Yes,Good,60.51,Pass
STU00530,Angel May,20,Female,7.5,55.9,90.7,77.9,67.2,5,4.2,Yes,Graduate,Low,Yes,Excellent,66.99,Pass
STU00531,Marilyn Wang,19,Female,4.1,70.4,40.5,75.9,98.0,4,7.4,No,Postgraduate,Middle,No,Good,65.31,Pass
STU00532,Mark Jimenez,19,Female,3.6,55.8,69.8,95.7,76.3,17,4.5,Yes,Diploma,High,Yes,Good,63.21,Pass
STU00533,Donna Frye,17,Male,3.2,77.5,56.2,88.4,87.0,8,7.7,Yes,High School,Low,Yes,Excellent,61.13,Pass
STU00534,Dr. Michael Evans,18,Male,1.3,67.7,56.9,77.3,76.1,17,4.4,No,Postgraduate,High,Yes,Good,52.09,Pass
STU00535,Anthony Gonzales,21,Male,3.5,59.1,40.2,87.9,32.9,28,6.5,No,Diploma,Middle,Yes,Excellent,38.7,Fail
STU00536,Mr. Lawrence Edwards,20,Male,4.3,86.6,92.3,45.4,92.0,21,9.6,Yes,Diploma,High,Yes,Excellent,73.35,Pass
STU00537,Morgan Valencia,17,Male,7.4,81.8,70.9,58.2,82.7,18,7.2,Yes,Postgraduate,Middle,Yes,Average,68.41,Pass
STU00538,Bianca Wood,22,Male,6.0,91.2,39.5,88.3,67.8,2,9.1,No,Graduate,Low,Yes,Average,79.05,Pass
STU00539,Emma Owens,20,Female,3.7,69.0,89.5,47.6,89.1,15,6.9,No,High School,Low,No,Poor,55.77,Pass
STU00540,David Davis,19,Female,4.8,66.3,32.6,49.0,30.4,18,9.9,Yes,Postgraduate,High,No,Good,45.97,Fail
STU00541,James Gilbert,16,Female,7.7,69.8,77.3,54.2,77.0,12,8.8,Yes,Postgraduate,Middle,No,Excellent,69.92,Pass
STU00542,Sean Moore,22,Male,6.4,63.3,94.4,31.8,72.2,16,8.0,Yes,Postgraduate,Low,Yes,Poor,66.94,Pass
STU00543,Kenneth Edwards,19,Male,5.7,56.0,91.0,42.7,73.6,4,5.3,Yes,Diploma,Middle,Yes,Average,64.85,Pass
STU00544,Kathleen Robertson,21,Female,3.6,58.0,41.1,59.3,83.0,23,9.4,Yes,Postgraduate,High,No,Excellent,47.21,Fail
STU00545,Mr. Alexander Landry MD,18,Male,1.1,69.7,36.5,31.2,76.3,20,7.6,No,High School,Low,Yes,Average,44.61,Fail
STU00546,Cindy Gomez,17,Male,0.7,91.7,93.4,39.5,46.2,20,9.2,Yes,Diploma,Low,Yes,Good,50.68,Pass
STU00547,Johnny Khan,17,Female,7.4,71.0,33.3,32.8,70.2,19,6.4,Yes,Graduate,Low,Yes,Excellent,57.2,Pass
STU00548,Julie Herrera,22,Female,0.6,89.4,49.9,32.8,71.2,5,6.4,Yes,Postgraduate,High,Yes,Average,49.85,Fail
STU00549,Jessica Khan,19,Male,7.8,77.2,47.9,79.7,49.0,23,9.4,No,Postgraduate,High,Yes,Average,68.09,Pass
STU00550,Pamela Diaz,21,Female,0.9,71.3,84.1,86.4,45.7,4,5.4,Yes,High School,Low,No,Average,44.61,Fail
STU00551,Kelly Lee,16,Male,6.6,96.5,36.2,61.5,53.6,15,9.2,Yes,High School,Low,No,Average,48.3,Fail
STU00552,Angel Gordon,15,Female,3.0,69.7,64.4,41.3,70.0,16,8.8,No,Graduate,Low,No,Average,53.85,Pass
STU00553,Diana Hays,22,Female,6.2,57.7,39.7,48.8,55.3,11,6.5,Yes,Postgraduate,Low,No,Excellent,50.47,Pass
STU00554,Barbara Hester,18,Male,0.8,69.6,75.3,43.5,74.9,9,5.6,No,Graduate,Low,Yes,Poor,54.66,Pass
STU00555,Robert Morgan,16,Male,7.1,94.8,49.3,46.1,58.8,12,5.4,Yes,Graduate,Middle,No,Poor,67.66,Pass
STU00556,Nicole Gonzalez,17,Female,5.5,91.2,55.8,40.9,81.7,20,6.2,No,Graduate,High,No,Good,67.16,Pass
STU00557,Kathryn Williams,19,Female,5.5,63.5,35.3,99.5,40.9,24,9.9,Yes,Postgraduate,High,No,Average,60.47,Pass
STU00558,Gary Wells,20,Female,7.0,64.5,60.4,73.4,58.8,8,6.6,No,Graduate,High,No,Average,72.44,Pass
STU00559,Larry Robertson,16,Male,3.0,78.2,85.3,44.1,95.4,14,8.1,Yes,High School,Low,No,Good,68.29,Pass
STU00560,Louis Martin,15,Male,6.3,50.8,83.2,32.8,92.3,12,10.0,Yes,High School,Low,No,Excellent,72.64,Pass
STU00561,Nancy Evans MD,16,Male,2.7,60.5,79.7,47.7,90.6,8,4.6,Yes,Graduate,Low,Yes,Excellent,64.92,Pass
STU00562,Kim Erickson,21,Female,2.9,83.8,68.6,72.2,77.8,22,7.5,Yes,Diploma,High,No,Excellent,66.57,Pass
STU00563,Robert Richardson,15,Male,3.7,63.8,80.0,45.8,78.5,27,5.4,No,Diploma,Low,Yes,Average,65.05,Pass
STU00564,Veronica Silva,15,Female,2.1,53.0,38.5,72.4,89.5,7,4.3,Yes,Diploma,Low,No,Excellent,58.47,Pass
STU00565,Molly Watts,20,Female,6.0,67.1,61.1,95.0,53.2,12,6.8,Yes,High School,High,Yes,Poor,58.23,Pass
STU00566,John Coffey,19,Female,4.6,58.7,49.2,76.5,97.6,11,4.3,No,Diploma,High,Yes,Excellent,74.23,Pass
STU00567,Paula Lane,21,Male,7.2,78.8,66.7,65.0,34.9,8,4.5,Yes,Postgraduate,High,Yes,Poor,50.85,Pass
STU00568,Lauren Jackson,19,Female,7.4,70.3,39.3,80.0,50.5,30,7.2,Yes,Graduate,High,No,Excellent,64.35,Pass
STU00569,Lisa Randall,21,Female,5.7,95.0,81.5,77.3,77.6,24,9.7,Yes,Graduate,Middle,No,Poor,70.95,Pass
STU00570,Michael Johnson,22,Male,5.5,81.7,68.6,31.1,81.0,8,5.9,Yes,Postgraduate,High,Yes,Average,60.45,Pass
STU00571,Ashley Smith,20,Female,5.5,77.8,52.3,39.4,36.6,30,9.0,No,High School,High,No,Average,51.43,Pass
STU00572,Christian Vaughn,19,Male,1.3,70.1,77.4,84.6,38.3,12,4.0,No,High School,High,Yes,Excellent,54.36,Pass
STU00573,Reginald Knapp,20,Female,5.8,67.8,46.5,30.9,67.8,6,9.1,No,Diploma,High,Yes,Excellent,57.34,Pass
STU00574,Nancy Brown,18,Male,4.4,54.3,65.7,56.6,72.5,23,6.3,Yes,Graduate,Low,Yes,Average,59.2,Pass
STU00575,Daniel Nguyen,18,Female,2.3,54.7,50.5,36.8,42.4,4,9.9,Yes,High School,Low,No,Poor,50.59,Pass
STU00576,Kelly Edwards,15,Female,7.1,99.8,67.9,86.9,52.9,11,5.8,No,Postgraduate,High,No,Excellent,59.08,Pass
STU00577,Thomas Peterson,17,Female,3.5,83.6,74.3,52.1,39.3,12,7.8,Yes,Diploma,Low,No,Excellent,55.85,Pass
STU00578,Raymond Le,15,Female,5.7,85.0,79.0,91.1,65.0,12,8.4,Yes,Postgraduate,Low,No,Good,67.32,Pass
STU00579,Melissa Bishop,15,Male,5.1,59.3,31.7,49.9,61.0,21,7.7,Yes,Postgraduate,High,Yes,Good,48.86,Fail
STU00580,David Grant,20,Female,1.4,98.2,37.0,63.5,71.0,5,7.2,No,Diploma,Middle,No,Good,60.27,Pass
STU00581,William Evans,20,Male,1.1,52.9,36.9,71.0,68.1,15,5.4,No,Diploma,Middle,No,Good,52.57,Pass
STU00582,Daniel Bush,21,Female,0.8,74.9,74.8,47.7,51.5,14,7.7,Yes,Diploma,High,Yes,Poor,52.56,Pass
STU00583,Gregory Peck,19,Male,7.2,90.5,67.9,81.1,55.5,17,7.8,No,Postgraduate,Low,Yes,Average,63.2,Pass
STU00584,Denise Martinez,22,Male,5.8,77.8,53.3,93.8,31.5,5,5.9,No,Postgraduate,Low,No,Excellent,58.08,Pass
STU00585,Jamie Baird,19,Female,0.9,88.3,75.6,53.2,77.3,17,6.4,Yes,Postgraduate,Low,Yes,Poor,58.07,Pass
STU00586,Tina Ballard,18,Female,3.6,96.7,46.3,38.4,70.9,15,9.8,Yes,Postgraduate,High,No,Good,67.87,Pass
STU00587,Dwayne Klein,20,Female,3.3,53.1,52.1,65.4,41.3,17,7.9,No,Graduate,Low,No,Poor,41.24,Fail
STU00588,Jeremy Scott,20,Male,1.4,94.2,57.0,57.1,76.2,18,6.7,Yes,Graduate,Middle,No,Excellent,50.74,Pass
STU00589,Dale Ryan,22,Male,5.4,53.1,82.9,95.8,75.4,12,9.7,No,Postgraduate,High,Yes,Average,69.66,Pass
STU00590,Melissa Taylor,20,Female,5.0,79.1,56.1,53.7,38.9,20,6.4,No,High School,Low,Yes,Good,46.61,Fail
STU00591,Laurie Sanchez,18,Female,1.7,86.7,43.6,34.1,68.7,10,7.6,No,Graduate,High,No,Good,53.22,Pass
STU00592,Kiara Little,22,Female,3.1,90.2,65.1,35.5,69.6,23,9.4,No,Postgraduate,Low,Yes,Poor,63.88,Pass
STU00593,Jason Love,17,Male,3.5,64.8,39.3,40.6,60.3,21,7.6,No,High School,Low,Yes,Excellent,50.81,Pass
STU00594,Randy Smith,16,Male,6.7,54.0,61.0,74.1,88.0,2,8.7,No,High School,Low,No,Poor,77.22,Pass
STU00595,Tanya Russell,16,Female,2.6,97.0,38.1,91.3,98.0,19,5.1,Yes,High School,High,No,Good,71.01,Pass
STU00596,Sherry Woods,18,Male,4.9,96.8,73.7,63.7,86.7,23,9.7,No,Postgraduate,High,Yes,Average,60.72,Pass
STU00597,Victor Morris,17,Male,0.7,99.1,35.6,87.0,49.6,1,4.8,No,Graduate,Middle,No,Good,64.18,Pass
STU00598,Susan Davis,22,Male,3.4,52.7,69.0,93.2,56.8,30,5.3,Yes,Postgraduate,High,No,Good,50.93,Pass
STU00599,Kimberly Sharp,20,Female,3.8,52.4,83.3,87.8,71.2,17,6.1,Yes,High School,Middle,No,Good,63.68,Pass
STU00600,Susan Thompson,21,Female,6.7,81.6,81.0,71.9,59.0,4,9.7,No,High School,Low,Yes,Good,77.94,Pass
STU00601,Casey Gillespie,19,Female,4.6,80.3,44.3,73.8,70.0,17,5.1,Yes,Postgraduate,Middle,No,Poor,61.48,Pass
STU00602,Jennifer Simpson DVM,21,Female,6.2,76.2,44.7,76.7,35.6,19,6.7,Yes,High School,High,No,Average,52.35,Pass
STU00603,Tammy Mcdowell,21,Female,1.7,59.2,43.1,57.1,33.6,12,6.4,Yes,Diploma,High,No,Excellent,25.81,Fail
STU00604,Keith Rodriguez,18,Female,3.4,92.0,39.4,65.4,34.3,2,4.4,No,Diploma,High,No,Good,61.33,Pass
STU00605,Mrs. Virginia Daniels,19,Female,4.8,78.3,87.1,69.1,97.2,6,4.3,Yes,Diploma,Low,No,Poor,74.82,Pass
STU00606,Todd Rosales MD,22,Female,5.3,52.3,91.5,89.0,50.8,8,4.5,No,Diploma,Middle,Yes,Average,54.94,Pass
STU00607,Brian Martin,15,Male,1.8,56.3,38.0,66.3,47.2,5,6.1,Yes,Graduate,Middle,Yes,Excellent,49.52,Fail
STU00608,David Lopez,15,Male,1.1,50.2,73.6,74.9,58.8,2,6.9,Yes,High School,Middle,Yes,Good,41.8,Fail
STU00609,Rachel Bradley,21,Female,3.6,51.2,51.8,42.4,36.9,25,9.7,No,Graduate,Middle,Yes,Good,50.35,Pass
STU00610,Casey Chase,16,Male,2.9,69.7,45.4,36.8,42.5,1,8.8,No,Postgraduate,Low,No,Average,49.96,Fail
STU00611,Samantha Robertson,18,Female,5.6,77.3,60.9,94.6,35.1,26,5.7,No,High School,Low,Yes,Excellent,64.21,Pass
STU00612,Michael Lopez,22,Male,7.9,62.0,86.8,88.1,45.7,23,6.4,Yes,Diploma,Middle,Yes,Average,62.64,Pass
STU00613,Franklin Wright,22,Female,3.6,98.9,41.8,85.9,53.4,21,8.4,No,Graduate,Low,Yes,Poor,69.7,Pass
STU00614,David Molina,19,Female,6.7,90.2,86.3,34.2,78.4,20,4.8,No,Diploma,Middle,Yes,Average,59.94,Pass
STU00615,Elizabeth Sharp,16,Male,3.6,77.4,56.2,66.4,99.8,20,4.8,No,Graduate,Low,Yes,Good,61.14,Pass
STU00616,Matthew Schwartz,16,Female,1.5,57.9,91.7,91.6,93.5,25,9.9,Yes,High School,Low,No,Average,75.86,Pass
STU00617,Bryan Parker,20,Male,2.1,67.8,73.5,63.9,59.3,7,6.1,Yes,Postgraduate,Low,No,Poor,62.77,Pass
STU00618,Jonathan Jacobson,15,Female,1.7,73.6,66.0,69.9,44.7,20,8.5,Yes,High School,Low,No,Average,61.01,Pass
STU00619,Emily Wilson,20,Female,0.7,67.7,80.7,69.5,48.3,25,8.2,No,Diploma,Low,No,Good,57.94,Pass
STU00620,Elizabeth Mendez,17,Female,6.0,80.5,61.7,39.3,48.3,28,6.5,Yes,Postgraduate,High,No,Good,56.59,Pass
STU00621,Casey Hernandez,22,Male,5.0,75.7,48.7,30.5,64.7,18,5.7,Yes,Graduate,Middle,No,Good,56.82,Pass
STU00622,Lisa Perry,17,Male,1.8,73.6,35.9,73.8,68.5,16,6.4,Yes,Postgraduate,Middle,No,Good,53.89,Pass
STU00623,Kaitlin Medina,22,Male,4.4,94.8,42.8,31.6,90.3,24,7.5,No,Diploma,Low,No,Average,63.42,Pass
STU00624,Colleen Wright,20,Male,6.6,71.5,78.7,93.9,70.0,21,5.1,No,Diploma,High,No,Average,75.04,Pass
STU00625,Shelley Miller,19,Female,2.5,59.9,46.0,51.4,68.9,13,7.5,No,High School,Low,Yes,Poor,60.55,Pass
STU00626,Michael Miller,17,Male,1.1,54.4,41.2,66.3,45.0,27,5.7,Yes,Diploma,Low,No,Average,34.35,Fail
STU00627,Amy Kelley,16,Male,3.5,90.6,30.9,75.5,76.8,18,8.8,No,Postgraduate,High,No,Poor,73.96,Pass
STU00628,Laura Hernandez,20,Male,5.5,84.0,90.6,99.8,80.4,19,5.7,Yes,High School,Low,No,Poor,69.33,Pass
STU00629,Joseph Wilson,22,Male,7.1,52.5,45.0,92.8,47.9,11,5.3,No,Graduate,High,Yes,Good,68.26,Pass
STU00630,Kevin Davis,15,Male,2.3,87.9,79.4,51.9,58.7,26,5.3,No,High School,Low,Yes,Poor,56.32,Pass
STU00631,Rhonda Chavez,18,Female,7.8,82.3,90.7,51.2,84.7,6,8.6,Yes,Diploma,High,Yes,Excellent,72.32,Pass
STU00632,Joyce Brown,16,Female,5.5,86.5,67.4,44.5,65.3,21,5.9,No,Postgraduate,Low,Yes,Average,60.15,Pass
STU00633,Robert Cummings,21,Female,3.7,82.3,78.4,46.3,58.4,21,5.6,Yes,Postgraduate,Middle,No,Good,60.38,Pass
STU00634,Robert Reese,20,Female,7.3,68.5,78.8,92.8,89.2,24,5.1,No,Graduate,High,Yes,Average,72.41,Pass
STU00635,Amber Cooper,21,Female,7.7,68.8,52.1,34.4,64.0,11,4.7,No,Postgraduate,Middle,Yes,Poor,54.37,Pass
STU00636,Zachary Michael,19,Male,6.6,93.8,49.7,90.1,90.0,16,8.6,Yes,Graduate,Low,No,Average,71.73,Pass
STU00637,Timothy Johnson,18,Female,1.6,84.5,91.4,77.8,53.2,0,7.0,No,Diploma,Low,Yes,Excellent,62.88,Pass
STU00638,Randy Cannon,20,Male,1.4,65.6,82.2,90.3,39.6,4,9.7,No,Graduate,High,Yes,Average,67.03,Pass
STU00639,Maria Fisher,19,Female,3.0,83.1,78.9,86.8,96.2,2,5.9,No,Diploma,High,Yes,Good,79.05,Pass
STU00640,Janet Kane DVM,22,Male,5.6,62.6,86.7,41.8,33.8,15,8.3,Yes,Graduate,Low,No,Poor,57.76,Pass
STU00641,Michael Stanley,15,Female,4.1,92.5,54.9,41.8,88.6,11,7.3,No,Postgraduate,Low,Yes,Poor,68.41,Pass
STU00642,Martha Bailey,21,Male,4.3,80.2,60.0,88.0,88.1,9,8.3,Yes,Graduate,High,Yes,Good,67.32,Pass
STU00643,Joshua Rice,18,Male,1.3,91.9,73.6,78.8,55.4,1,9.3,No,Postgraduate,High,Yes,Average,59.22,Pass
STU00644,Courtney Smith,21,Female,3.6,94.3,33.1,97.3,77.5,25,7.8,No,Diploma,Low,No,Poor,67.61,Pass
STU00645,Edwin Nunez,22,Male,2.5,62.4,91.2,50.9,84.3,17,6.4,No,Graduate,Low,No,Excellent,63.18,Pass
STU00646,Kim Morrow,17,Male,3.3,67.9,52.4,66.4,60.8,15,9.3,Yes,Postgraduate,Middle,Yes,Average,56.13,Pass
STU00647,Gregory Hill,18,Male,4.3,75.4,39.0,98.8,47.5,8,4.4,No,Graduate,High,Yes,Poor,62.07,Pass
STU00648,Molly Rodriguez,21,Female,3.6,71.1,81.0,43.7,87.4,11,7.9,No,Diploma,Middle,No,Poor,72.89,Pass
STU00649,Jennifer Miranda,19,Male,3.6,72.9,46.7,82.6,65.9,11,5.9,No,Diploma,Middle,Yes,Average,63.02,Pass
STU00650,Alexis Harris,18,Female,3.1,52.7,43.3,59.3,45.4,4,4.0,Yes,High School,High,Yes,Average,44.08,Fail
STU00651,Andrew Harper,17,Female,7.4,92.2,78.2,41.7,38.4,0,4.4,No,High School,Middle,No,Excellent,63.71,Pass
STU00652,Amber Yang,15,Female,3.7,56.0,63.3,54.4,56.2,6,7.7,Yes,Diploma,High,No,Excellent,53.93,Pass
STU00653,David Robinson,17,Male,5.9,55.5,32.3,99.6,46.3,12,4.3,Yes,Graduate,Low,Yes,Good,60.74,Pass
STU00654,Amy Gordon,18,Female,3.1,72.2,73.9,65.6,90.3,1,9.2,No,High School,Low,No,Good,66.01,Pass
STU00655,Robert Dennis,20,Male,0.6,88.9,59.9,99.2,63.8,0,9.9,No,Postgraduate,Low,No,Poor,59.6,Pass
STU00656,Kyle Chambers,20,Female,4.5,99.6,85.7,36.8,79.4,27,6.1,Yes,Diploma,Low,No,Poor,71.05,Pass
STU00657,Eric Thomas,15,Male,0.6,70.2,45.3,87.3,53.6,29,9.0,No,Graduate,Middle,No,Average,46.14,Fail
STU00658,Connie Turner,15,Female,1.0,59.4,66.1,50.4,59.2,21,6.3,No,Graduate,High,No,Average,43.28,Fail
STU00659,Travis Hobbs,19,Male,7.1,95.3,62.0,53.1,37.5,20,9.7,No,Postgraduate,Low,No,Average,61.11,Pass
STU00660,Lori Simmons,17,Female,2.7,66.0,40.7,84.8,38.6,28,7.8,No,Diploma,Low,No,Average,46.2,Fail
STU00661,William David DDS,21,Male,1.4,53.5,89.1,43.3,87.5,18,7.3,Yes,Postgraduate,Middle,No,Excellent,59.84,Pass
STU00662,Emma Butler,17,Male,1.8,92.7,30.9,65.8,83.9,20,9.6,Yes,Diploma,Low,No,Average,58.13,Pass
STU00663,James Webster,21,Male,7.3,91.0,87.7,43.9,49.9,20,5.7,Yes,Graduate,Low,Yes,Average,58.01,Pass
STU00664,Samuel Turner,20,Male,4.6,58.0,74.9,41.7,51.7,23,7.0,Yes,Graduate,Middle,No,Good,43.84,Fail
STU00665,Renee Melendez,22,Female,6.5,87.0,72.0,40.9,68.3,4,4.5,Yes,High School,Low,Yes,Poor,59.13,Pass
STU00666,Tracy Grant,19,Male,0.8,63.7,92.1,96.8,54.7,19,4.3,Yes,Diploma,High,Yes,Good,47.53,Fail
STU00667,David Harris,16,Female,1.8,69.6,91.6,39.9,83.4,4,4.7,No,Graduate,Low,No,Excellent,59.6,Pass
STU00668,Tammy Boone,22,Male,6.3,67.1,70.8,43.4,40.2,5,9.6,Yes,Diploma,Low,No,Poor,57.63,Pass
STU00669,Nathaniel Lee,19,Female,7.4,94.4,70.7,86.6,34.8,7,6.0,Yes,Diploma,Low,Yes,Excellent,72.53,Pass
STU00670,Michael Morrison,22,Female,3.2,57.4,68.8,87.0,56.7,27,4.8,No,Diploma,Middle,No,Poor,47.61,Fail
STU00671,Chelsea Gill,21,Female,2.0,61.9,49.5,75.0,72.1,12,8.2,Yes,High School,Middle,No,Poor,61.18,Pass
STU00672,Kristin Mendoza,18,Female,2.0,73.5,82.1,42.6,37.7,23,9.3,Yes,Postgraduate,High,Yes,Average,46.62,Fail
STU00673,Felicia Krueger,19,Female,3.1,84.2,31.6,78.3,52.1,12,4.3,No,Graduate,Middle,Yes,Excellent,46.13,Fail
STU00674,Timothy Hayden,19,Male,3.4,54.0,39.6,50.9,36.3,22,9.5,Yes,Postgraduate,High,No,Poor,45.33,Fail
STU00675,Zachary Mendoza,16,Male,0.5,74.2,38.0,51.5,94.8,24,5.0,Yes,Postgraduate,Middle,No,Excellent,54.6,Pass
STU00676,Larry Harris,15,Male,7.1,77.7,64.7,43.7,41.6,14,9.5,Yes,Postgraduate,Low,No,Good,67.13,Pass
STU00677,Kristen Rowe,17,Male,3.0,68.6,79.4,53.7,96.6,2,8.4,Yes,Postgraduate,High,No,Poor,72.21,Pass
STU00678,Joseph Howard,21,Male,0.9,62.9,60.2,45.9,82.1,12,9.5,No,High School,Low,No,Average,55.47,Pass
STU00679,Jose Crawford,17,Male,3.7,67.1,92.5,61.1,64.2,5,6.1,Yes,Postgraduate,Middle,No,Excellent,62.71,Pass
STU00680,William Harrison,19,Male,6.2,90.6,52.2,60.4,89.4,3,6.2,Yes,Diploma,Low,No,Poor,76.03,Pass
STU00681,Suzanne Wood,22,Female,6.5,97.0,70.5,81.9,86.4,27,9.1,No,High School,High,No,Average,75.12,Pass
STU00682,Justin Walker,18,Female,3.5,83.7,59.3,82.4,55.0,14,7.8,No,Postgraduate,Low,Yes,Average,60.16,Pass
STU00683,Dean Donovan,19,Male,1.9,87.5,65.5,44.3,50.4,1,8.5,Yes,Diploma,Low,No,Poor,46.79,Fail
STU00684,Jennifer Hernandez,17,Male,7.8,85.8,92.2,59.9,63.3,21,9.4,No,Graduate,Low,Yes,Poor,72.57,Pass
STU00685,James Whitaker,21,Male,4.4,85.4,46.4,61.3,38.6,5,5.2,No,Diploma,Middle,No,Poor,58.04,Pass
STU00686,Mr. Michael Scott PhD,16,Female,4.6,57.7,77.3,72.0,81.2,10,8.6,No,Postgraduate,Low,No,Poor,68.47,Pass
STU00687,Maria Henry,19,Female,7.8,78.7,52.2,75.4,34.8,4,9.4,Yes,Graduate,Middle,No,Average,60.76,Pass
STU00688,Robert Jackson,18,Male,6.6,79.9,55.6,63.1,89.8,3,6.0,Yes,Postgraduate,High,No,Excellent,67.45,Pass
STU00689,Katherine Stark,20,Female,7.0,54.4,80.5,89.3,42.7,16,6.6,No,Diploma,High,No,Excellent,64.43,Pass
STU00690,Maria Brown,22,Male,4.5,81.8,42.8,44.8,32.9,28,5.9,Yes,Graduate,Low,Yes,Poor,42.14,Fail
STU00691,Ryan Landry,15,Female,4.7,92.9,73.4,60.5,96.7,20,8.3,Yes,Diploma,High,No,Excellent,74.05,Pass
STU00692,Pamela Gutierrez,15,Female,2.4,52.6,77.2,38.5,51.2,11,7.2,Yes,High School,High,Yes,Good,51.52,Pass
STU00693,Crystal Mann,19,Male,4.7,80.0,40.8,56.6,73.2,9,9.8,No,Graduate,Low,Yes,Good,63.5,Pass
STU00694,Jonathan Brooks,20,Female,6.2,79.6,42.5,76.7,73.6,23,7.6,Yes,Diploma,Low,No,Good,66.28,Pass
STU00695,Mary Jensen,22,Female,4.2,76.4,51.7,66.4,43.8,25,8.8,Yes,Diploma,Middle,Yes,Excellent,63.34,Pass
STU00696,Mr. Aaron Arnold,20,Female,3.8,63.8,66.3,54.3,95.3,25,9.5,No,High School,High,No,Good,60.18,Pass
STU00697,Joseph Hill,15,Male,4.3,66.4,77.9,32.6,63.2,18,6.0,No,Graduate,Low,Yes,Good,63.13,Pass
STU00698,Alicia Li,15,Female,4.1,54.3,93.2,66.3,73.0,12,5.4,Yes,Postgraduate,Low,Yes,Good,64.03,Pass
STU00699,Renee Browning,20,Male,4.1,71.5,34.9,37.4,88.6,8,5.4,No,High School,Middle,Yes,Good,57.0,Pass
STU00700,Brent Hernandez,22,Female,6.3,53.1,67.5,38.3,32.6,6,4.3,No,Diploma,Low,No,Poor,40.97,Fail
STU00701,Joseph Ochoa,18,Male,6.8,55.9,32.9,60.7,89.1,14,5.6,Yes,Postgraduate,High,Yes,Average,59.06,Pass
STU00702,James Watson,20,Female,3.9,78.9,67.1,53.3,52.1,23,4.6,No,Graduate,Low,Yes,Average,53.74,Pass
STU00703,Karl Branch,18,Male,3.3,55.0,79.8,97.6,97.9,14,9.2,No,High School,Low,No,Poor,79.47,Pass
STU00704,Michael Abbott,16,Female,2.6,81.5,59.6,63.7,83.0,14,5.7,Yes,High School,High,No,Poor,65.88,Pass
STU00705,Shannon Malone,19,Male,2.9,96.2,33.7,64.0,93.9,10,7.7,Yes,Diploma,Middle,No,Good,57.58,Pass
STU00706,James Tran,22,Male,3.1,92.6,66.3,66.0,37.0,8,4.1,Yes,Diploma,Middle,Yes,Poor,56.18,Pass
STU00707,Adam Jackson,16,Male,7.7,68.8,69.2,35.6,77.8,17,9.6,No,Graduate,Middle,Yes,Good,61.37,Pass
STU00708,Mr. Richard Knight PhD,18,Male,4.9,88.3,56.4,91.6,75.4,2,9.4,No,Graduate,High,No,Poor,73.43,Pass
STU00709,Joseph Williams,17,Male,5.2,56.6,50.1,44.1,93.6,15,8.6,Yes,High School,Middle,Yes,Poor,55.45,Pass
STU00710,Sean Clay,21,Female,1.9,87.8,60.8,45.8,73.2,5,4.2,No,Graduate,Middle,No,Average,62.28,Pass
STU00711,Anthony Jones,16,Female,2.9,73.4,39.6,98.9,44.6,18,4.8,Yes,High School,High,No,Poor,55.81,Pass
STU00712,Stephanie Elliott,22,Female,3.7,78.3,31.4,32.4,61.2,21,8.9,No,Postgraduate,Low,Yes,Average,46.33,Fail
STU00713,Timothy Edwards,19,Female,7.1,54.3,65.0,93.9,57.2,12,9.0,Yes,Graduate,Middle,No,Excellent,60.11,Pass
STU00714,Laurie Goodwin,15,Male,7.5,63.8,51.6,79.1,83.6,15,9.6,Yes,Graduate,Middle,No,Average,77.73,Pass
STU00715,Jennifer Jones,19,Female,2.0,89.9,78.0,34.5,57.1,19,5.7,Yes,High School,Middle,Yes,Good,60.59,Pass
STU00716,David Davenport,16,Female,7.8,68.9,82.1,60.4,90.9,17,5.1,No,Postgraduate,High,No,Average,77.79,Pass
STU00717,Steven Rivera,18,Male,7.6,60.9,51.2,82.9,57.6,15,7.6,No,High School,Middle,Yes,Excellent,71.39,Pass
STU00718,Brenda Hinton,21,Female,2.2,52.9,49.5,63.2,41.8,17,6.1,Yes,Diploma,High,Yes,Excellent,41.55,Fail
STU00719,Kathryn Mccann,16,Female,3.5,52.9,67.9,91.9,40.6,10,7.6,Yes,Postgraduate,Low,No,Excellent,49.66,Fail
STU00720,Jeffrey Roberson,16,Male,5.8,70.5,62.8,30.5,78.4,21,8.0,No,Graduate,Middle,Yes,Poor,69.46,Pass
STU00721,Randy Friedman,18,Male,0.8,68.4,93.6,59.5,65.1,28,9.5,Yes,Diploma,High,Yes,Excellent,59.46,Pass
STU00722,Raymond Johnson,19,Female,6.5,93.2,59.7,63.3,57.0,19,9.8,No,Diploma,Low,No,Good,74.72,Pass
STU00723,Willie Henry,19,Female,5.7,54.2,86.1,63.6,34.8,22,7.3,No,High School,High,Yes,Excellent,59.08,Pass
STU00724,Todd Reynolds,17,Female,2.0,91.3,66.2,33.8,98.0,1,7.1,No,High School,Low,No,Poor,63.87,Pass
STU00725,Mary Miller,19,Male,2.7,73.5,85.8,51.3,43.5,7,4.8,No,Postgraduate,High,No,Excellent,57.83,Pass
STU00726,Rebecca Marquez,21,Female,4.0,61.4,40.8,53.3,95.8,13,6.1,Yes,Diploma,Middle,Yes,Average,56.04,Pass
STU00727,Christian Dawson,21,Female,7.9,74.3,41.6,92.4,62.2,26,8.3,No,Diploma,Middle,Yes,Average,68.26,Pass
STU00728,Nancy Stewart,15,Male,2.6,59.2,32.6,31.5,84.2,20,4.8,Yes,Diploma,High,No,Excellent,45.23,Fail
STU00729,Aaron Parker,17,Male,4.0,80.3,57.8,31.9,84.8,4,4.1,No,Postgraduate,High,No,Average,61.84,Pass
STU00730,Derrick Anderson,22,Female,3.7,76.8,61.0,57.2,92.1,17,9.4,No,Postgraduate,Middle,Yes,Average,67.37,Pass
STU00731,Jerry Peters,21,Male,3.0,80.8,90.2,97.3,65.6,18,6.7,No,Diploma,High,No,Excellent,69.08,Pass
STU00732,Alexander Gomez,20,Male,2.6,64.0,56.3,99.9,33.8,1,7.5,No,Graduate,Low,No,Poor,47.75,Fail
STU00733,Kyle Nguyen,17,Female,1.1,57.7,58.6,65.7,48.1,14,5.9,Yes,High School,Low,No,Poor,44.54,Fail
STU00734,Edgar Hughes,19,Male,7.7,97.2,51.8,70.0,93.7,28,4.0,No,High School,Middle,No,Excellent,72.08,Pass
STU00735,Steven Stein,20,Female,6.6,97.4,35.9,41.3,97.3,11,7.2,No,Graduate,Low,Yes,Good,79.54,Pass
STU00736,Laura Jackson,19,Male,6.0,99.8,48.7,67.7,67.3,20,6.4,No,Diploma,High,Yes,Good,64.29,Pass
STU00737,Charles Turner,15,Female,1.8,98.9,85.5,64.9,72.2,15,5.4,Yes,Diploma,High,Yes,Good,74.31,Pass
STU00738,Arthur Hamilton MD,19,Male,4.4,99.5,69.7,56.0,84.1,19,5.0,No,Graduate,Middle,Yes,Poor,70.73,Pass
STU00739,Mr. David Wright,17,Male,3.4,67.3,58.1,84.7,63.9,21,8.8,No,Graduate,Low,No,Average,50.32,Pass
STU00740,Linda Gonzalez,22,Male,6.6,61.9,44.6,65.3,48.3,25,4.1,Yes,Graduate,Low,Yes,Average,57.33,Pass
STU00741,Eric Rush,22,Female,5.4,75.6,59.0,97.7,70.0,24,9.2,No,Diploma,High,No,Average,69.5,Pass
STU00742,Manuel Brock,18,Female,7.0,79.2,76.7,56.0,36.5,1,6.7,No,High School,Low,Yes,Excellent,55.79,Pass
STU00743,George Ochoa,21,Female,3.5,93.4,45.9,97.7,97.1,9,5.5,No,Diploma,Middle,No,Excellent,76.71,Pass
STU00744,Valerie Taylor,19,Male,7.7,72.2,50.9,66.8,78.1,16,5.6,No,High School,Middle,No,Excellent,65.8,Pass
STU00745,Travis Harris,20,Male,6.0,52.6,33.2,57.0,54.7,3,5.9,No,Postgraduate,High,No,Good,41.52,Fail
STU00746,Vincent Novak,19,Female,1.9,65.5,93.4,58.8,61.1,25,7.5,Yes,Graduate,High,No,Excellent,55.51,Pass
STU00747,Michael Henry,18,Male,7.9,62.1,74.3,80.1,72.5,16,4.5,No,Diploma,Middle,Yes,Poor,66.88,Pass
STU00748,Dana Bennett,16,Male,5.0,87.0,43.7,88.9,32.1,13,9.1,Yes,High School,High,No,Good,58.87,Pass
STU00749,Jenna Wilson,18,Female,4.0,60.9,38.7,96.7,35.1,8,5.2,Yes,High School,Low,Yes,Poor,56.6,Pass
STU00750,Leslie Gardner,18,Male,4.6,56.3,48.8,46.7,44.9,22,6.5,Yes,High School,High,Yes,Excellent,38.85,Fail
STU00751,Krista Benton,17,Male,5.8,60.9,53.8,57.4,98.4,22,9.7,Yes,Graduate,Middle,No,Poor,63.83,Pass
STU00752,Michael Gonzales,22,Female,1.0,65.8,47.3,65.4,84.4,24,9.1,No,Graduate,Middle,Yes,Poor,58.85,Pass
STU00753,Michael Fuentes,19,Male,6.8,68.0,74.7,51.9,34.3,12,8.2,No,Graduate,Low,No,Good,56.72,Pass
STU00754,Jennifer Porter,17,Female,3.0,84.7,79.8,51.3,86.8,2,5.8,No,Diploma,High,No,Average,66.09,Pass
STU00755,Dana Hopkins,22,Male,3.8,86.4,75.0,99.1,45.8,4,8.0,No,Diploma,High,Yes,Excellent,69.34,Pass
STU00756,Rachel Jones,19,Male,1.7,87.6,66.9,49.2,63.2,1,6.0,Yes,High School,High,No,Excellent,57.82,Pass
STU00757,Karen Morales DDS,15,Female,4.8,94.5,67.0,74.2,66.3,4,4.3,Yes,High School,High,No,Good,67.17,Pass
STU00758,Melissa Stephens,17,Female,2.8,59.1,62.8,52.6,48.1,28,6.8,No,High School,High,No,Excellent,39.09,Fail
STU00759,Heather Woodard,21,Female,1.5,96.4,86.4,79.5,37.4,27,8.7,Yes,Diploma,Low,No,Excellent,60.93,Pass
STU00760,Margaret Miller,16,Female,1.4,82.2,84.2,70.4,75.2,10,6.8,No,Postgraduate,Low,Yes,Good,66.86,Pass
STU00761,Mary Kelly,20,Male,4.5,51.7,71.5,35.7,60.5,26,5.8,No,Graduate,High,Yes,Average,44.82,Fail
STU00762,Amanda Terrell,15,Female,5.7,89.8,40.6,37.3,40.2,21,9.3,Yes,Graduate,High,No,Poor,53.61,Pass
STU00763,Jennifer Goodwin,20,Female,4.5,73.4,36.9,75.5,90.8,2,9.0,No,Diploma,Low,Yes,Average,63.64,Pass
STU00764,Jessica Smith,15,Male,1.3,52.5,46.7,39.5,48.2,15,6.3,No,High School,High,No,Excellent,40.56,Fail
STU00765,Jorge Stone,22,Male,7.6,80.5,84.3,79.7,37.9,1,8.4,No,High School,Middle,Yes,Excellent,72.72,Pass
STU00766,Laura Griffin,16,Male,3.1,99.9,47.1,49.5,95.1,25,4.1,No,Diploma,High,Yes,Poor,56.82,Pass
STU00767,Raymond Chapman,15,Male,5.7,86.3,84.4,98.2,98.3,15,4.4,Yes,Postgraduate,High,Yes,Average,83.05,Pass
STU00768,Haley Johnson,17,Male,5.4,56.4,72.3,98.8,93.8,5,6.6,Yes,Graduate,Low,No,Average,78.68,Pass
STU00769,Jason Nixon,16,Male,0.8,68.1,83.7,79.1,62.2,3,4.3,No,Diploma,Low,Yes,Excellent,51.65,Pass
STU00770,Todd Thomas,20,Female,7.5,82.1,50.3,66.8,34.6,10,9.8,Yes,Diploma,Middle,Yes,Poor,48.11,Fail
STU00771,Jesse Clark,17,Female,3.2,73.9,53.1,77.8,76.4,2,8.3,Yes,Graduate,Low,No,Average,58.96,Pass
STU00772,Mr. Jeffrey Horton,20,Male,1.4,82.8,32.6,71.8,90.9,14,9.3,Yes,High School,Low,Yes,Excellent,55.16,Pass
STU00773,Eric Patrick,17,Male,3.9,73.0,35.0,77.0,87.5,28,5.5,No,High School,Low,Yes,Average,66.4,Pass
STU00774,Samuel Wong,16,Female,7.1,62.2,65.8,43.5,37.1,13,9.5,No,Diploma,Low,Yes,Good,53.51,Pass
STU00775,Carly Riggs,22,Female,6.7,88.0,33.2,89.1,60.7,7,6.1,Yes,High School,High,Yes,Excellent,61.64,Pass
STU00776,Christopher Moore,16,Female,6.2,79.1,42.1,43.2,42.9,11,4.3,No,High School,High,Yes,Average,52.51,Pass
STU00777,Tina Hall,16,Male,4.9,92.0,31.1,33.4,70.1,19,8.9,No,Diploma,Middle,Yes,Good,51.55,Pass
STU00778,Cody Davidson,15,Male,5.0,63.7,31.7,81.5,73.8,3,7.5,Yes,Postgraduate,Middle,Yes,Average,54.33,Pass
STU00779,Allen Mendez,15,Male,6.1,83.8,43.4,54.7,38.8,20,4.8,No,Graduate,Low,No,Good,57.26,Pass
STU00780,Kevin Price,20,Female,7.7,81.4,42.0,37.4,86.9,1,7.5,Yes,High School,High,Yes,Average,70.09,Pass
STU00781,Christine Goodwin,15,Female,5.1,89.1,75.7,88.4,33.9,16,8.5,Yes,High School,Low,No,Good,60.82,Pass
STU00782,Amy Garcia,21,Male,5.3,65.7,92.3,32.3,70.6,23,5.0,No,Diploma,Low,No,Average,63.4,Pass
STU00783,Chelsea Nguyen,16,Male,5.8,58.8,45.3,64.6,94.0,23,5.3,No,Diploma,Middle,Yes,Poor,65.07,Pass
STU00784,Dennis Huffman,22,Female,4.3,95.6,39.5,75.2,46.3,1,4.9,No,Diploma,Low,No,Average,55.42,Pass
STU00785,Margaret Harper,21,Female,5.6,79.7,79.1,51.7,61.4,4,6.4,No,Diploma,High,No,Good,59.42,Pass
STU00786,Laurie Bailey,18,Female,4.7,62.6,89.5,48.6,92.7,4,4.6,Yes,High School,Middle,Yes,Poor,60.36,Pass
STU00787,Lisa Cervantes,22,Female,5.4,95.3,41.0,97.8,61.7,13,9.7,Yes,Graduate,Low,No,Average,63.05,Pass
STU00788,Elizabeth Mendez,17,Male,1.9,65.2,36.0,40.1,37.3,2,6.5,No,Postgraduate,Low,No,Excellent,45.68,Fail
STU00789,Cesar Wilson,19,Male,6.5,57.1,38.5,75.0,43.8,23,4.6,No,Diploma,Low,No,Excellent,49.14,Fail
STU00790,Clayton Steele,18,Male,5.4,76.9,74.0,77.8,74.0,29,5.6,Yes,Postgraduate,Low,Yes,Excellent,72.05,Pass
STU00791,Jennifer Taylor,15,Female,0.8,72.8,87.9,69.9,88.3,16,9.9,No,Postgraduate,High,Yes,Excellent,67.66,Pass
STU00792,Cody Reid,22,Male,5.6,99.0,94.1,78.1,47.1,2,8.8,Yes,Postgraduate,Low,Yes,Good,67.71,Pass
STU00793,Maria Cooke,19,Male,1.3,89.0,89.2,56.8,74.1,20,6.6,Yes,High School,Middle,No,Average,52.86,Pass
STU00794,Katherine Taylor,22,Male,6.2,96.8,91.1,42.2,91.2,14,8.4,No,Diploma,High,No,Average,73.59,Pass
STU00795,Jerry Brown,20,Female,2.4,53.4,47.4,93.9,74.3,22,8.3,Yes,High School,Middle,No,Poor,61.26,Pass
STU00796,Adam Taylor,19,Female,0.7,68.8,70.7,40.2,87.6,24,5.4,No,Diploma,High,Yes,Good,49.08,Fail
STU00797,Tracey Wagner,15,Female,5.4,70.3,68.7,37.5,31.2,28,9.5,Yes,High School,Middle,No,Excellent,53.82,Pass
STU00798,Michael Perry PhD,15,Female,8.0,60.6,47.2,76.4,97.6,11,9.5,Yes,High School,High,Yes,Average,70.86,Pass
STU00799,Bradley Johnson DDS,20,Male,4.3,89.8,38.8,98.4,97.5,17,5.0,Yes,Postgraduate,High,Yes,Average,68.8,Pass
STU00800,Donald Medina,20,Female,2.5,90.8,54.6,36.2,54.0,28,9.9,No,Postgraduate,Middle,Yes,Poor,50.62,Pass
STU00801,Jim Newton,20,Female,5.2,70.8,40.8,99.0,87.5,14,5.7,No,High School,Middle,No,Excellent,69.25,Pass
STU00802,Krista Wilson,20,Male,7.5,74.8,84.8,61.2,79.6,6,8.4,No,High School,Low,No,Average,69.5,Pass
STU00803,Reginald Morrow,19,Male,1.8,68.1,71.4,34.9,55.3,3,7.2,Yes,Graduate,Low,Yes,Excellent,50.02,Pass
STU00804,Rodney Williams,17,Male,6.6,71.6,81.8,71.7,92.1,16,6.5,Yes,Graduate,Middle,Yes,Excellent,75.19,Pass
STU00805,Kimberly Fritz,20,Female,5.0,81.5,57.1,40.1,36.5,14,4.1,Yes,Graduate,Low,Yes,Poor,48.3,Fail
STU00806,Ronald Potter,18,Female,2.1,86.8,50.8,65.4,41.4,13,9.8,No,Graduate,Middle,No,Excellent,55.12,Pass
STU00807,Zachary Cole,19,Male,6.9,93.2,56.4,83.4,40.1,28,4.1,No,Diploma,Middle,Yes,Excellent,62.1,Pass
STU00808,Robert Gonzales,20,Female,3.9,75.9,30.5,59.6,80.3,24,6.7,Yes,Diploma,Middle,No,Excellent,55.48,Pass
STU00809,Patricia Young PhD,17,Male,6.0,61.7,82.9,71.2,44.8,22,5.4,No,Diploma,Low,Yes,Average,63.89,Pass
STU00810,Heather Page,18,Male,3.6,62.9,86.4,76.8,61.4,1,6.9,No,Diploma,Middle,No,Good,64.64,Pass
STU00811,Carol Taylor,17,Male,2.0,81.3,53.3,99.7,63.6,17,6.9,Yes,Graduate,Middle,Yes,Good,64.68,Pass
STU00812,Daniel Brown,22,Male,6.5,72.6,76.7,71.0,64.5,17,5.2,No,High School,Low,No,Excellent,66.53,Pass
STU00813,Douglas Ryan,17,Female,4.0,62.3,89.5,53.5,96.7,29,7.2,No,Diploma,Low,No,Good,69.8,Pass
STU00814,Michael Roberts,22,Female,1.5,68.8,36.4,73.6,61.3,30,8.7,Yes,Postgraduate,Middle,Yes,Excellent,60.52,Pass
STU00815,Scott Duke,15,Male,2.2,58.2,56.4,94.9,79.7,21,6.5,Yes,Graduate,Low,No,Average,55.25,Pass
STU00816,Anna Estes,22,Female,7.9,83.3,48.6,71.0,37.7,2,9.8,No,High School,High,Yes,Average,63.72,Pass
STU00817,Tamara Riddle,19,Male,1.8,82.4,46.0,80.2,84.4,0,8.0,Yes,Postgraduate,High,Yes,Excellent,68.19,Pass
STU00818,Beth Cline,18,Female,1.1,66.5,46.1,99.2,57.3,10,8.4,Yes,Graduate,Middle,Yes,Excellent,55.94,Pass
STU00819,Michael Poole,20,Female,5.6,60.6,45.5,49.7,58.8,11,5.4,Yes,Graduate,Middle,No,Good,52.79,Pass
STU00820,Megan Burns,22,Male,3.0,50.4,74.2,87.8,40.3,6,5.0,No,Postgraduate,Middle,No,Average,53.2,Pass
STU00821,Debra Perry,21,Female,6.4,80.8,32.9,73.6,51.6,4,6.2,Yes,Diploma,Low,No,Excellent,63.07,Pass
STU00822,Mark Beard,20,Male,3.5,97.4,56.4,84.0,63.9,29,9.4,No,High School,Low,No,Good,67.77,Pass
STU00823,Jose Ramirez,21,Male,7.3,54.4,90.9,87.8,85.4,17,5.2,No,Diploma,Low,Yes,Excellent,75.67,Pass
STU00824,Jackie Clements,19,Female,2.7,97.6,33.2,40.5,67.6,1,7.5,No,Graduate,Middle,No,Average,57.97,Pass
STU00825,Aaron Schroeder,15,Male,5.3,50.8,92.4,33.1,40.0,4,4.1,No,Graduate,High,No,Poor,54.19,Pass
STU00826,Monica Ellis,19,Female,5.5,91.1,30.9,67.9,62.2,5,7.0,No,Diploma,Low,Yes,Good,62.46,Pass
STU00827,Heather Brown,22,Male,1.0,84.2,62.7,83.6,64.0,19,4.9,No,Postgraduate,High,No,Good,51.98,Pass
STU00828,Claudia Jordan,22,Male,7.0,80.7,40.2,97.4,66.3,11,4.4,Yes,Graduate,Low,Yes,Average,69.95,Pass
STU00829,Derrick Clayton,20,Female,5.2,62.7,82.2,87.2,98.5,28,7.0,Yes,Graduate,Low,Yes,Good,81.05,Pass
STU00830,Kenneth Knight,20,Female,1.5,77.3,65.5,36.3,59.3,20,9.1,No,High School,Middle,No,Poor,49.49,Fail
STU00831,Mr. Michael Williams,18,Male,6.9,55.0,35.9,48.4,91.2,24,4.8,Yes,Diploma,High,No,Good,56.71,Pass
STU00832,Richard Stevens,19,Female,5.2,67.8,81.3,46.4,74.7,21,5.4,No,High School,High,No,Average,63.21,Pass
STU00833,Scott Alexander,15,Male,5.9,93.7,38.2,90.7,71.6,16,4.8,No,Graduate,Middle,No,Good,61.92,Pass
STU00834,Tyler Harris,17,Male,5.8,87.9,36.9,65.4,87.0,6,9.6,Yes,Diploma,Low,Yes,Excellent,68.49,Pass
STU00835,Bonnie Santos,22,Male,4.4,97.5,64.8,57.6,89.4,3,7.0,Yes,High School,Middle,No,Good,66.18,Pass
STU00836,Timothy Hill,20,Male,6.9,91.6,56.2,53.3,64.4,26,7.4,No,Graduate,Low,No,Poor,49.0,Fail
STU00837,Danielle Watson,16,Male,2.3,89.7,61.6,53.4,37.5,4,5.4,Yes,Diploma,Middle,Yes,Average,50.6,Pass
STU00838,Carol Sanders,17,Male,1.8,73.0,50.0,32.5,52.6,13,7.3,Yes,High School,Low,No,Excellent,47.17,Fail
STU00839,Michael Young,15,Male,4.6,67.8,59.1,97.6,56.4,3,5.5,Yes,High School,Middle,Yes,Good,60.93,Pass
STU00840,Michele Smith,15,Male,6.2,60.3,76.1,31.5,59.3,9,8.7,Yes,High School,Low,Yes,Average,50.12,Pass
STU00841,Casey Perez,17,Female,3.0,78.2,43.3,81.9,33.7,0,9.1,Yes,Diploma,High,No,Good,54.56,Pass
STU00842,Alexandra Dominguez,20,Male,3.1,86.1,50.7,93.4,38.9,27,5.1,Yes,High School,Low,Yes,Average,52.98,Pass
STU00843,Virginia Henderson,18,Female,4.2,54.1,42.7,96.1,98.4,5,6.3,Yes,High School,Low,No,Good,67.19,Pass
STU00844,Benjamin Reyes,17,Female,2.5,85.1,72.8,99.2,48.6,21,8.0,Yes,Diploma,Middle,No,Excellent,65.55,Pass
STU00845,Ashley Edwards,18,Male,0.9,55.7,30.3,100.0,86.2,13,8.7,Yes,Graduate,Low,No,Poor,47.42,Fail
STU00846,Breanna Ayala,17,Female,1.6,64.2,54.4,82.9,67.8,24,4.5,No,Graduate,High,Yes,Poor,53.7,Pass
STU00847,Brandi Haney,20,Female,0.6,55.1,56.7,95.3,74.6,3,8.8,No,Graduate,Middle,No,Excellent,46.8,Fail
STU00848,Joseph Smith,18,Female,1.3,93.8,80.9,41.8,65.9,9,6.9,No,Diploma,Low,No,Good,55.98,Pass
STU00849,Jessica Bowen,17,Male,5.2,97.3,67.7,67.8,33.5,21,4.4,No,High School,Middle,No,Poor,62.36,Pass
STU00850,Brittany Jenkins,16,Male,1.5,91.8,40.1,51.1,47.4,12,6.2,No,High School,High,Yes,Poor,53.35,Pass
STU00851,Shannon Miller,20,Male,2.4,74.4,56.5,99.1,33.9,10,4.9,Yes,Postgraduate,Low,Yes,Excellent,53.38,Pass
STU00852,Paul Lawrence,22,Female,0.9,91.8,63.3,66.9,69.3,24,5.0,No,Postgraduate,Middle,No,Excellent,54.39,Pass
STU00853,Victor Edwards,22,Female,2.0,65.9,68.6,44.7,38.1,4,9.8,No,High School,Low,No,Excellent,44.54,Fail
STU00854,Donald Miller,22,Male,1.5,57.3,75.3,75.0,84.8,20,9.6,Yes,High School,Low,Yes,Poor,65.66,Pass
STU00855,Lindsay Lawson,22,Male,5.7,57.8,45.8,89.0,44.7,5,4.4,No,Graduate,Low,No,Poor,51.48,Pass
STU00856,Melissa Abbott,16,Female,7.4,82.5,35.9,96.3,48.1,25,6.0,No,Diploma,Middle,No,Excellent,70.78,Pass
STU00857,Elizabeth Holmes,19,Female,3.5,52.6,62.3,38.6,58.1,25,6.1,Yes,High School,Middle,Yes,Excellent,50.65,Pass
STU00858,Nicole Phillips,22,Female,1.7,68.3,54.3,40.6,85.9,27,8.2,No,Postgraduate,Middle,Yes,Poor,56.98,Pass
STU00859,Steven Blevins,17,Female,1.9,68.3,36.9,74.0,38.5,28,9.9,Yes,Postgraduate,Middle,Yes,Good,43.04,Fail
STU00860,Brian Porter MD,21,Female,4.8,95.6,66.0,42.2,56.5,24,9.1,Yes,Postgraduate,High,No,Excellent,67.25,Pass
STU00861,Vanessa Hatfield,17,Male,5.3,82.5,86.3,92.6,94.4,12,4.6,No,Postgraduate,High,No,Good,86.29,Pass
STU00862,Bonnie Valencia,19,Female,6.2,80.3,40.8,85.8,80.4,1,4.5,Yes,High School,Low,No,Good,70.45,Pass
STU00863,Holly Vega,15,Female,4.0,58.7,51.9,31.3,58.0,12,7.3,Yes,Postgraduate,Middle,No,Excellent,56.34,Pass
STU00864,Tiffany Townsend,20,Male,6.8,60.8,37.8,89.6,41.0,21,9.8,Yes,Diploma,Low,No,Poor,62.68,Pass
STU00865,Austin Baker,16,Female,6.8,75.0,93.8,36.8,51.2,3,7.8,No,Diploma,Low,No,Poor,66.68,Pass
STU00866,Antonio Mccormick,22,Female,1.0,77.5,68.4,75.7,47.9,18,6.2,No,Graduate,Low,No,Poor,51.24,Pass
STU00867,Lori Mason,20,Female,6.8,59.7,83.7,69.4,83.4,18,8.3,No,Graduate,High,Yes,Excellent,72.49,Pass
STU00868,Michael Miller,16,Male,7.0,71.6,92.8,61.7,40.0,10,6.3,No,Graduate,Low,No,Good,55.82,Pass
STU00869,Lisa Ramirez,21,Male,7.6,66.0,86.4,91.7,54.5,15,4.5,Yes,Diploma,Middle,No,Poor,63.84,Pass
STU00870,Jorge Harris,19,Female,6.4,72.1,61.5,84.5,56.8,25,6.7,Yes,High School,High,Yes,Good,68.97,Pass
STU00871,Kimberly Myers,19,Male,3.3,68.4,64.2,86.6,55.3,18,7.1,No,Postgraduate,Low,No,Poor,52.07,Pass
STU00872,Sandra Becker,19,Female,2.6,96.7,77.0,70.4,75.3,13,4.2,No,Diploma,Middle,No,Good,70.39,Pass
STU00873,Michael Blair,22,Male,5.1,75.5,65.5,55.2,35.7,28,5.2,Yes,Diploma,High,No,Average,50.92,Pass
STU00874,Amy Miller,22,Female,4.0,52.6,32.4,80.2,67.7,29,7.1,No,High School,High,Yes,Good,55.32,Pass
STU00875,Jesse Lynch,22,Male,2.3,87.2,40.9,43.3,62.2,7,5.7,Yes,Graduate,Middle,No,Good,55.75,Pass
STU00876,Patrick Yang,16,Male,5.4,91.2,57.2,35.1,49.2,27,9.9,No,Graduate,Middle,Yes,Good,50.39,Pass
STU00877,Michael Miles,18,Female,5.0,85.5,30.5,66.3,32.6,7,7.4,Yes,Diploma,Low,Yes,Average,41.62,Fail
STU00878,Troy Mills,19,Female,7.6,83.7,34.2,62.6,46.8,15,6.8,No,Postgraduate,High,Yes,Average,69.32,Pass
STU00879,Michelle Jackson,17,Female,3.9,79.1,53.2,41.5,65.3,4,9.0,Yes,Graduate,Middle,Yes,Poor,51.58,Pass
STU00880,Richard Adams,22,Male,7.5,95.6,43.6,32.8,81.9,1,9.0,Yes,Graduate,High,No,Poor,75.79,Pass
STU00881,Patricia Johnson,21,Female,7.8,94.5,69.0,67.1,31.9,21,5.5,Yes,Postgraduate,High,Yes,Average,73.49,Pass
STU00882,Denise Brown,16,Male,4.7,87.1,48.2,69.5,36.2,16,6.5,No,Postgraduate,Low,Yes,Poor,51.15,Pass
STU00883,Laura Jones,20,Female,6.1,84.7,94.4,49.5,64.9,26,6.0,No,Diploma,Middle,Yes,Average,72.2,Pass
STU00884,Ian Porter,16,Male,5.6,94.1,43.2,91.1,34.2,6,9.3,No,Postgraduate,Middle,No,Poor,61.13,Pass
STU00885,Holly Scott,22,Female,3.0,65.7,63.3,95.8,33.3,22,6.1,Yes,Graduate,High,No,Excellent,50.28,Pass
STU00886,Kenneth Sharp,18,Female,2.0,71.2,55.1,94.1,83.3,28,7.0,Yes,Graduate,Middle,No,Good,67.13,Pass
STU00887,Jordan Williams,15,Male,7.9,73.3,33.8,48.4,60.5,26,4.9,Yes,Diploma,Middle,No,Good,59.83,Pass
STU00888,Dana Ruiz,20,Male,5.9,97.1,87.3,66.1,84.2,17,7.4,Yes,Postgraduate,Middle,Yes,Excellent,68.77,Pass
STU00889,Chris Velazquez,19,Female,4.6,55.7,38.2,67.1,48.8,2,4.1,Yes,Graduate,Low,Yes,Excellent,54.39,Pass
STU00890,Kristen Sloan,20,Female,7.8,74.2,34.1,68.6,88.9,25,10.0,Yes,Graduate,Low,No,Excellent,81.22,Pass
STU00891,Jennifer Morris,21,Female,3.7,66.0,88.9,43.4,73.1,22,6.4,No,High School,Low,No,Poor,58.68,Pass
STU00892,Nathan Nelson,20,Female,2.5,84.3,91.7,48.8,86.8,19,4.3,No,Postgraduate,High,Yes,Poor,62.84,Pass
STU00893,Jake Shaw,17,Female,4.5,53.5,90.7,83.6,76.1,25,8.9,Yes,High School,Middle,Yes,Good,67.5,Pass
STU00894,Cassie Brock,20,Male,5.9,96.2,63.6,38.2,67.0,3,4.8,Yes,Diploma,High,Yes,Excellent,64.81,Pass
STU00895,Dr. Andrea Marshall,20,Female,4.9,74.1,70.5,30.7,43.6,15,6.9,Yes,Graduate,Low,No,Good,51.37,Pass
STU00896,Ryan Murphy,18,Male,3.7,85.7,69.2,50.9,58.8,13,5.3,No,Diploma,Middle,No,Average,60.74,Pass
STU00897,Aimee Gonzalez,15,Male,7.7,56.5,54.2,31.8,45.5,29,8.7,Yes,High School,Middle,Yes,Good,50.09,Pass
STU00898,Elizabeth Dean,17,Male,1.1,90.4,80.1,94.1,89.8,12,8.1,No,Graduate,Low,Yes,Good,71.5,Pass
STU00899,Kevin Snyder,17,Male,0.9,89.1,85.0,85.9,65.6,0,5.4,No,Postgraduate,High,No,Poor,66.64,Pass
STU00900,Christie Mccullough,18,Male,7.9,57.8,44.7,44.8,85.5,6,5.1,No,Graduate,High,No,Excellent,66.77,Pass
STU00901,Danielle Smith,17,Female,1.0,99.9,31.6,88.5,55.6,27,9.0,Yes,Diploma,Middle,Yes,Excellent,60.11,Pass
STU00902,David Reed,17,Female,7.4,50.5,34.9,47.5,76.9,25,9.3,Yes,High School,Middle,No,Average,58.33,Pass
STU00903,Sherry Tapia,22,Male,3.9,80.3,42.3,86.3,97.7,11,5.6,No,High School,Low,No,Average,64.44,Pass
STU00904,Matthew Sweeney,20,Female,4.7,75.1,39.4,60.9,53.4,21,7.1,Yes,Postgraduate,High,No,Good,53.62,Pass
STU00905,Ashley Moreno,16,Male,4.9,50.4,79.5,79.9,55.6,17,4.3,Yes,High School,Middle,Yes,Excellent,53.7,Pass
STU00906,Johnathan Brown,20,Male,1.9,78.8,40.1,54.9,78.8,0,7.4,No,Postgraduate,Middle,No,Good,51.33,Pass
STU00907,Michelle Davis DVM,17,Male,3.4,71.0,66.5,30.4,35.5,18,9.3,Yes,Graduate,Low,No,Good,47.93,Fail
STU00908,Kelly Haynes,22,Male,7.4,63.5,54.1,69.8,91.7,2,9.7,No,Postgraduate,Low,No,Poor,70.5,Pass
STU00909,William Miller,20,Male,6.0,54.3,73.5,58.7,62.9,4,4.3,No,Graduate,High,No,Excellent,62.2,Pass
STU00910,Casey Wilkins,19,Female,3.9,65.1,55.0,89.8,82.4,19,5.6,No,Graduate,Middle,Yes,Good,60.6,Pass
STU00911,Keith Graham,22,Male,1.4,62.6,89.8,70.7,67.3,17,7.6,No,High School,Low,Yes,Poor,63.94,Pass
STU00912,Cynthia Green,18,Male,4.4,55.8,38.4,67.6,95.6,1,5.9,No,Graduate,Low,No,Excellent,59.53,Pass
STU00913,Robert Haynes,16,Female,7.0,88.2,46.1,32.5,37.1,1,8.4,No,Graduate,High,No,Excellent,53.36,Pass
STU00914,Emily Nelson,22,Male,4.3,86.3,37.4,58.4,64.0,27,7.2,Yes,High School,Middle,Yes,Average,50.6,Pass
STU00915,Dale Chan,19,Male,6.6,58.6,82.5,78.5,68.9,26,8.2,Yes,Graduate,High,Yes,Poor,61.69,Pass
STU00916,Brittney Martin,17,Female,5.5,76.2,71.6,53.7,93.5,29,7.5,Yes,Diploma,Middle,Yes,Good,67.29,Pass
STU00917,Jason Herrera,15,Female,1.1,72.5,79.2,85.6,64.6,21,9.4,Yes,Postgraduate,Middle,Yes,Good,57.03,Pass
STU00918,Christine Parker,17,Male,7.2,94.8,74.6,90.1,36.2,2,9.2,No,Postgraduate,Middle,No,Poor,62.82,Pass
STU00919,Bryan Moore,20,Male,2.9,58.9,45.6,59.3,47.6,20,5.9,No,Graduate,High,Yes,Average,43.74,Fail
STU00920,Samantha Terry,15,Female,4.8,72.1,52.5,82.3,92.5,10,8.5,Yes,High School,High,No,Poor,66.32,Pass
STU00921,Russell Murphy,21,Female,3.0,87.2,39.9,39.1,54.2,5,8.8,Yes,Postgraduate,Low,Yes,Average,45.69,Fail
STU00922,David Kelly,17,Female,4.7,76.4,72.6,46.3,90.5,24,5.9,No,Graduate,High,Yes,Poor,68.72,Pass
STU00923,Megan Green,19,Female,5.7,50.8,54.2,54.6,68.0,25,4.4,No,Graduate,High,Yes,Good,50.66,Pass
STU00924,Amanda Sullivan MD,16,Female,5.6,90.2,66.5,81.9,76.3,16,6.1,Yes,Postgraduate,Middle,No,Excellent,74.62,Pass
STU00925,Danielle Murray,19,Female,6.6,64.7,67.1,82.2,56.5,2,5.8,No,Graduate,High,Yes,Excellent,71.15,Pass
STU00926,Brenda Smith,21,Male,7.5,77.3,73.0,93.2,36.9,1,5.4,No,Postgraduate,High,Yes,Average,65.43,Pass
STU00927,Vickie Anderson,22,Male,5.8,91.2,85.7,59.1,36.3,9,6.6,No,Postgraduate,Low,No,Good,58.52,Pass
STU00928,Jacqueline Mccoy,17,Male,6.3,53.8,83.8,59.9,71.7,21,4.5,No,Diploma,High,No,Good,57.31,Pass
STU00929,Lauren Green,15,Male,3.0,54.5,92.5,86.5,62.2,29,5.3,Yes,High School,High,No,Excellent,57.71,Pass
STU00930,Alison Brown,16,Female,1.7,78.2,91.3,30.3,46.7,21,9.6,No,Graduate,Middle,Yes,Poor,54.14,Pass
STU00931,Jill Anderson,16,Female,1.8,55.7,67.1,90.3,63.4,5,10.0,Yes,Postgraduate,Low,Yes,Excellent,55.89,Pass
STU00932,Sandra Rivera,19,Female,7.9,70.4,48.7,69.1,51.3,18,4.5,No,Postgraduate,High,No,Good,60.93,Pass
STU00933,Joel Jackson,17,Male,0.5,72.5,84.4,70.1,99.9,5,5.7,Yes,Graduate,High,Yes,Excellent,62.08,Pass
STU00934,Samantha Foster,15,Male,1.7,64.3,81.5,93.4,98.3,12,5.4,Yes,High School,Low,No,Excellent,65.87,Pass
STU00935,Michael Thompson,21,Female,7.1,66.4,37.3,90.9,74.5,9,5.0,No,Postgraduate,Middle,Yes,Average,57.54,Pass
STU00936,Cody Ramirez,17,Male,6.0,72.7,94.3,33.8,54.9,6,6.9,Yes,High School,High,Yes,Poor,58.77,Pass
STU00937,Amanda Harvey,18,Female,4.3,65.8,77.4,91.2,95.7,20,8.8,Yes,Diploma,Middle,Yes,Poor,73.68,Pass
STU00938,Edward Jenkins,19,Female,6.7,65.2,55.9,52.2,62.7,4,5.7,No,Postgraduate,Low,Yes,Average,65.75,Pass
STU00939,Amy Ramirez,17,Female,7.7,65.6,36.4,66.9,34.0,30,4.7,No,Postgraduate,Low,No,Average,49.95,Fail
STU00940,Curtis Wilkerson,18,Female,3.7,90.0,78.1,59.8,53.4,18,5.9,No,High School,Middle,Yes,Poor,52.64,Pass
STU00941,Lydia Pham,21,Female,6.3,52.6,30.8,85.7,63.4,27,4.8,No,Graduate,Low,No,Excellent,57.52,Pass
STU00942,Virginia Casey,22,Female,4.1,76.0,93.4,97.6,45.1,7,8.9,Yes,High School,Middle,No,Poor,70.26,Pass
STU00943,Joshua Washington,19,Female,2.0,60.7,73.9,58.4,95.2,28,4.5,No,High School,Middle,No,Excellent,63.2,Pass
STU00944,Kathryn Price,21,Male,7.3,57.8,53.8,73.3,41.2,5,9.8,No,Diploma,Middle,No,Excellent,59.13,Pass
STU00945,Francis Robinson,18,Male,7.4,58.3,37.9,36.0,93.7,18,5.2,No,Postgraduate,Low,No,Excellent,54.19,Pass
STU00946,Paula Brown,21,Female,5.0,53.6,44.7,95.2,93.6,25,8.7,No,Diploma,High,Yes,Good,55.44,Pass
STU00947,Kendra Wang DVM,16,Female,0.6,66.4,70.8,49.3,93.7,4,7.8,Yes,Diploma,Low,No,Poor,49.88,Fail
STU00948,Ariel Sandoval,21,Female,3.4,59.0,67.6,97.1,65.2,9,4.5,Yes,Diploma,High,Yes,Poor,62.09,Pass
STU00949,Robert Stark,20,Female,5.2,67.0,85.6,60.4,43.5,11,5.1,Yes,Diploma,High,Yes,Poor,53.55,Pass
STU00950,Zachary Robinson,20,Female,6.3,60.3,50.9,62.6,96.0,3,9.6,Yes,High School,High,Yes,Excellent,73.78,Pass
STU00951,Rebecca Kelly,19,Female,2.1,67.9,39.7,65.7,62.2,25,9.4,No,High School,High,No,Average,50.19,Pass
STU00952,Sarah Thompson,16,Male,4.2,94.8,82.4,30.3,52.4,29,6.5,No,Postgraduate,Low,Yes,Poor,60.47,Pass
STU00953,Renee Wolfe,15,Male,2.2,60.0,32.5,75.0,48.4,5,4.3,Yes,Diploma,Middle,Yes,Good,49.44,Fail
STU00954,Alyssa Haynes,22,Female,6.9,74.2,57.0,98.4,44.0,23,5.3,Yes,Diploma,High,No,Good,59.37,Pass
STU00955,Kristy Hart,17,Male,2.7,58.6,54.7,93.8,73.1,27,6.5,Yes,Postgraduate,Middle,Yes,Average,59.48,Pass
STU00956,William Keith,22,Female,5.1,52.0,56.2,75.4,78.9,9,7.8,Yes,High School,Middle,No,Excellent,55.39,Pass
STU00957,Eric Henry Jr.,20,Male,2.9,54.7,57.8,39.0,96.3,4,6.9,No,Diploma,Low,No,Excellent,63.47,Pass
STU00958,Daniel Fox,21,Female,4.2,65.5,82.8,90.7,77.1,30,4.3,No,High School,Middle,Yes,Poor,61.68,Pass
STU00959,Thomas Harris,16,Male,4.7,88.2,38.9,46.0,91.8,10,4.1,No,Postgraduate,Low,No,Poor,62.34,Pass
STU00960,Mitchell Sellers,21,Male,3.9,50.4,83.3,55.2,67.9,21,8.1,Yes,High School,High,No,Excellent,65.28,Pass
STU00961,Erica Johnson,21,Female,5.8,97.8,64.5,58.0,96.8,23,7.9,No,Graduate,Low,No,Average,71.1,Pass
STU00962,Sylvia Schroeder,21,Female,6.8,68.1,72.9,63.0,43.9,20,7.6,Yes,Postgraduate,High,No,Excellent,57.61,Pass
STU00963,Shannon Yu,18,Female,1.0,70.7,65.5,60.5,82.4,2,9.0,Yes,Graduate,Middle,Yes,Good,60.64,Pass
STU00964,Tom Foster,18,Male,7.5,91.7,84.8,51.2,60.1,16,6.8,No,Graduate,High,Yes,Poor,62.72,Pass
STU00965,Eric Taylor,15,Female,1.7,51.6,91.5,46.8,46.8,7,4.5,No,Postgraduate,High,Yes,Poor,48.18,Fail
STU00966,Travis Conner,20,Female,5.5,95.6,52.5,73.5,32.7,20,5.1,No,High School,Low,Yes,Excellent,60.7,Pass
STU00967,Marie Thompson,19,Male,6.7,88.3,52.8,56.4,67.3,14,4.0,No,Diploma,High,Yes,Good,60.3,Pass
STU00968,Melissa Mcfarland,19,Female,2.4,90.3,48.2,43.4,65.3,21,9.2,Yes,Postgraduate,High,Yes,Poor,51.82,Pass
STU00969,Courtney Chapman,20,Male,2.3,53.9,53.2,82.3,68.5,26,8.9,No,Postgraduate,Low,Yes,Excellent,53.59,Pass
STU00970,Eric Barker,21,Male,0.8,99.2,54.9,40.7,76.7,2,5.7,Yes,Postgraduate,Low,No,Average,70.01,Pass
STU00971,Nicholas Rush,22,Male,4.9,79.3,59.0,88.5,48.5,11,6.7,No,Postgraduate,Middle,No,Excellent,71.73,Pass
STU00972,Jenna Gamble,22,Female,6.4,69.7,72.0,40.5,95.3,23,6.3,No,Diploma,Low,Yes,Excellent,69.83,Pass
STU00973,Amanda Guzman,22,Male,6.0,51.0,43.3,64.1,91.5,30,7.2,Yes,Diploma,Middle,No,Poor,60.89,Pass
STU00974,Tracy Walker,17,Female,4.2,56.0,82.2,47.3,93.0,29,9.5,Yes,Postgraduate,Low,Yes,Good,67.48,Pass
STU00975,Taylor Taylor,19,Male,7.6,76.0,74.0,84.5,39.2,16,7.6,Yes,High School,Middle,No,Good,65.21,Pass
STU00976,Cynthia Haas,19,Female,1.7,59.1,53.7,60.3,73.6,15,4.4,Yes,Diploma,Low,No,Poor,48.54,Fail
STU00977,Stephen Davis,19,Female,4.3,59.1,67.3,74.6,69.0,6,8.4,Yes,Postgraduate,Low,Yes,Good,67.86,Pass
STU00978,Margaret Tanner,16,Male,3.7,74.2,72.1,31.3,75.8,13,7.7,No,Graduate,High,No,Good,55.17,Pass
STU00979,Derek Wright,21,Female,2.8,54.3,35.9,94.6,78.2,26,4.8,Yes,Diploma,High,No,Excellent,60.66,Pass
STU00980,David Rodriguez,22,Male,6.8,52.2,45.4,92.3,30.6,27,5.2,No,High School,High,No,Excellent,42.68,Fail
STU00981,James Oconnor,18,Female,7.7,80.7,47.0,34.7,32.0,10,5.5,Yes,Postgraduate,High,No,Poor,51.51,Pass
STU00982,Stacey Snyder,17,Male,5.9,95.9,56.5,43.4,66.2,18,9.4,No,High School,High,Yes,Average,69.53,Pass
STU00983,Joshua Garcia,15,Male,6.5,53.3,75.0,70.0,93.5,24,4.7,No,High School,Low,Yes,Poor,73.12,Pass
STU00984,Sean Curtis,19,Male,3.6,74.1,34.6,49.5,52.7,7,9.7,No,High School,High,No,Excellent,51.98,Pass
STU00985,Carla Jones,15,Female,2.6,73.0,73.6,41.4,64.1,27,8.4,Yes,Graduate,Middle,Yes,Excellent,55.89,Pass
STU00986,Elizabeth Flores,15,Female,5.5,56.3,91.5,39.3,84.2,12,5.6,No,High School,Low,Yes,Average,68.6,Pass
STU00987,Angela Jackson,19,Male,7.5,86.0,79.0,45.3,61.0,5,7.7,No,High School,Low,No,Excellent,66.81,Pass
STU00988,Nicholas Payne,17,Male,7.7,94.5,47.6,87.6,66.3,19,6.8,No,Diploma,Low,Yes,Good,72.85,Pass
STU00989,Anna Wheeler,21,Male,2.9,79.0,77.4,58.8,74.0,10,8.2,Yes,Postgraduate,Middle,No,Excellent,62.39,Pass
STU00990,Karen Johnson,16,Male,6.9,72.9,47.1,46.9,63.8,6,9.3,Yes,Diploma,Middle,No,Poor,62.03,Pass
STU00991,Carmen Preston,19,Male,3.3,87.5,36.3,63.3,99.4,10,8.6,No,Postgraduate,Low,No,Poor,66.81,Pass
STU00992,Brian Harris,21,Male,2.3,70.5,80.7,84.0,46.0,29,9.5,Yes,Graduate,High,Yes,Average,49.07,Fail
STU00993,Michael Bowen,17,Female,4.9,69.0,62.6,72.4,69.2,18,6.9,No,Postgraduate,Low,Yes,Average,55.59,Pass
STU00994,Deborah Campbell,20,Male,6.6,77.1,38.5,83.6,95.3,25,9.7,Yes,Postgraduate,High,No,Poor,72.39,Pass
STU00995,Anthony Armstrong,15,Female,3.3,56.8,63.7,37.9,95.4,30,5.1,No,Diploma,Low,Yes,Excellent,53.37,Pass
STU00996,Brittany Ward,19,Female,3.4,89.7,59.7,42.0,48.7,26,7.1,No,Graduate,High,Yes,Good,45.22,Fail
STU00997,Edward Stanley,15,Male,1.6,80.6,66.8,80.0,95.6,23,9.5,Yes,Graduate,Low,No,Poor,65.49,Pass
STU00998,Christina Johnson,17,Female,7.2,98.6,85.9,37.7,96.3,28,6.5,No,Diploma,High,No,Good,72.56,Pass
STU00999,Edgar Miller,19,Female,0.6,72.1,33.0,68.1,53.7,8,6.8,Yes,Graduate,Middle,Yes,Excellent,51.6,Pass
STU01000,Elizabeth Sanders,20,Male,5.5,71.7,83.3,93.4,38.4,29,7.2,Yes,High School,High,No,Poor,62.95,Pass
STU01001,Matthew Davis MD,15,Male,2.6,52.4,73.5,90.4,41.4,13,8.9,No,Postgraduate,High,Yes,Poor,55.69,Pass
STU01002,Stephen Wood,15,Female,2.9,77.6,33.3,33.1,80.4,21,6.7,Yes,Graduate,Middle,No,Excellent,50.96,Pass
STU01003,Dennis Marshall,17,Male,2.4,59.5,73.5,30.0,86.4,3,4.5,No,Graduate,Low,No,Poor,53.24,Pass
STU01004,Derrick Brown,18,Male,4.1,67.7,50.8,97.5,74.9,24,4.1,No,Graduate,Low,Yes,Good,55.77,Pass
STU01005,Mary Miller,18,Male,3.7,93.8,49.6,36.6,83.1,15,7.6,No,High School,Middle,No,Average,58.56,Pass
STU01006,Joshua Arellano,15,Male,1.6,81.1,43.5,65.3,68.1,26,5.7,No,High School,Middle,No,Average,53.31,Pass
STU01007,Kristen Randall,18,Male,7.6,92.1,77.0,35.5,37.4,2,7.0,Yes,High School,Low,No,Average,61.97,Pass
STU01008,Jennifer Nichols,19,Male,3.2,82.0,38.4,60.1,49.2,27,9.3,Yes,Graduate,High,No,Poor,45.26,Fail
STU01009,Karen Keith,21,Male,0.8,95.7,84.1,50.8,85.3,27,4.2,No,Postgraduate,Middle,No,Poor,61.75,Pass
STU01010,Blake Orr,22,Female,2.8,68.1,34.3,99.3,32.8,11,7.9,Yes,Diploma,Low,No,Excellent,52.54,Pass
STU01011,Kathryn Lester,22,Female,3.8,97.4,46.0,67.2,63.8,0,8.2,No,Diploma,Middle,Yes,Poor,67.12,Pass
STU01012,Megan Oliver,18,Female,1.9,78.7,44.0,90.3,96.0,30,7.1,Yes,Diploma,Low,Yes,Good,59.82,Pass
STU01013,Peter Thompson,19,Male,3.1,61.7,33.2,48.8,75.8,20,7.2,Yes,High School,Middle,No,Poor,50.31,Pass
STU01014,Dr. Rhonda Martinez,20,Female,5.7,74.5,63.3,48.7,61.8,7,6.8,Yes,Postgraduate,Low,No,Poor,63.49,Pass
STU01015,William Graham,20,Male,5.8,97.0,51.4,33.0,64.7,30,7.3,Yes,Postgraduate,Low,No,Poor,62.31,Pass
STU01016,Lori Flowers MD,16,Male,7.9,97.3,42.8,91.3,79.3,29,6.7,Yes,Postgraduate,Middle,Yes,Average,71.42,Pass
STU01017,Suzanne Jones,15,Female,4.6,92.5,61.2,56.1,64.5,1,7.5,No,Postgraduate,Low,Yes,Poor,70.01,Pass
STU01018,James Nguyen,15,Female,1.2,80.2,37.9,35.5,66.9,27,6.4,No,Postgraduate,Low,No,Average,53.73,Pass
STU01019,Jimmy Marks,15,Female,4.9,54.5,58.0,42.2,99.1,12,7.4,No,Postgraduate,High,Yes,Good,56.82,Pass
STU01020,Lisa Mills,15,Female,1.2,98.8,48.6,59.7,75.5,16,4.1,No,Diploma,Low,Yes,Poor,63.56,Pass
STU01021,Jason Hernandez,16,Male,6.6,76.8,48.1,34.3,41.4,28,9.4,Yes,Graduate,Middle,No,Excellent,46.83,Fail
STU01022,Olivia Ayers,22,Male,1.0,84.5,67.2,58.3,55.5,7,5.3,Yes,High School,Low,Yes,Good,57.53,Pass
STU01023,Kristine Garcia,21,Female,5.5,98.5,41.4,71.8,59.7,9,6.7,Yes,Diploma,Middle,No,Good,67.97,Pass
STU01024,Joseph Cooper,19,Female,4.1,77.2,49.8,42.7,36.0,0,8.3,Yes,High School,Low,Yes,Excellent,47.43,Fail
STU01025,James Washington,20,Male,2.0,84.5,55.4,59.1,62.8,6,6.2,Yes,High School,Middle,Yes,Excellent,54.52,Pass
STU01026,Amanda Hill,22,Female,5.5,83.3,48.6,62.2,43.5,27,5.3,No,Graduate,Middle,No,Average,51.26,Pass
STU01027,Lee Steele,16,Female,0.7,94.8,43.7,45.9,49.6,28,4.8,Yes,Postgraduate,Low,Yes,Average,42.53,Fail
STU01028,Steve Rivera,18,Female,1.5,82.2,52.1,79.6,69.0,19,5.5,Yes,Diploma,Middle,No,Excellent,58.15,Pass
STU01029,Patrick Mccall,18,Female,5.4,55.8,64.9,60.6,48.8,5,7.6,Yes,Graduate,Low,Yes,Good,48.22,Fail
STU01030,Alicia Roth,15,Male,2.2,62.9,61.2,55.7,94.0,4,6.2,No,Postgraduate,Low,No,Poor,68.8,Pass
STU01031,Douglas Vasquez,15,Male,3.3,69.2,84.4,75.6,73.0,6,6.0,No,Diploma,Low,No,Average,64.87,Pass
STU01032,Annette Melton,20,Male,3.5,74.9,73.4,30.9,91.0,5,6.7,Yes,High School,Low,No,Poor,68.25,Pass
STU01033,William Ramos,15,Male,3.1,56.9,58.6,64.7,58.3,12,8.1,Yes,Graduate,Low,No,Excellent,55.64,Pass
STU01034,Debra Butler,18,Female,5.0,90.4,37.1,57.8,53.6,25,7.4,No,Diploma,High,No,Poor,55.86,Pass
STU01035,Chelsea Lewis,16,Male,7.0,53.9,34.7,89.5,44.9,28,8.0,Yes,Diploma,Low,No,Good,61.22,Pass
STU01036,Natalie Malone,20,Female,1.4,56.5,66.2,96.2,59.0,20,6.0,Yes,High School,High,Yes,Good,54.84,Pass
STU01037,Samantha Robertson,17,Female,5.1,96.5,84.4,99.7,31.6,7,4.7,Yes,Graduate,Low,No,Average,71.93,Pass
STU01038,Eric Hunter,16,Female,2.6,62.0,81.2,33.9,55.9,25,7.0,Yes,Diploma,High,No,Good,51.53,Pass
STU01039,Samuel Suarez,22,Female,4.7,86.4,53.1,72.9,71.0,5,7.3,No,Graduate,High,No,Excellent,59.29,Pass
STU01040,Corey Whitaker,22,Female,1.1,56.0,44.6,65.0,88.8,18,8.2,No,High School,Low,Yes,Average,58.06,Pass
STU01041,Danielle Bryant,22,Male,6.4,67.5,56.3,57.6,43.4,12,4.4,Yes,Graduate,Middle,No,Average,55.12,Pass
STU01042,Michele Hill,20,Female,1.8,52.3,80.7,47.7,88.1,17,8.2,Yes,Diploma,Low,No,Excellent,57.65,Pass
STU01043,Kathy Reid,20,Male,7.6,70.4,73.0,62.5,74.1,18,6.7,Yes,Postgraduate,High,No,Excellent,68.9,Pass
STU01044,Andre Watson,22,Female,4.5,90.5,77.8,76.5,37.9,13,8.3,No,Graduate,Middle,No,Good,55.13,Pass
STU01045,Cassandra Harrell,21,Male,4.3,94.7,89.8,33.9,87.4,5,4.2,No,Diploma,Middle,Yes,Good,72.44,Pass
STU01046,Hannah Martin,16,Female,1.6,87.3,30.5,41.8,70.7,26,8.3,Yes,Graduate,Low,Yes,Poor,39.76,Fail
STU01047,Nicole Barker,16,Female,7.4,85.3,73.7,57.6,30.1,1,4.7,Yes,Graduate,Low,No,Good,70.36,Pass
STU01048,James Martin,19,Female,3.6,86.5,63.9,35.2,43.4,6,9.0,Yes,Graduate,Low,No,Good,55.63,Pass
STU01049,Traci Vincent,20,Female,5.9,94.7,37.6,99.3,44.7,30,4.1,No,High School,Middle,Yes,Excellent,55.77,Pass
STU01050,Megan Adams,18,Male,4.9,95.2,50.8,76.9,43.2,23,7.7,Yes,Postgraduate,Low,No,Excellent,62.33,Pass
STU01051,Alejandro Deleon,20,Male,3.0,60.6,50.4,42.5,93.1,10,6.4,Yes,Postgraduate,High,No,Average,55.55,Pass
STU01052,Alexa Buck,22,Female,2.9,87.2,93.1,60.7,90.3,27,7.4,Yes,Graduate,Low,Yes,Good,61.59,Pass
STU01053,Lindsay Smith,15,Female,1.7,84.5,63.4,75.5,92.3,25,6.6,No,Graduate,Low,No,Excellent,66.04,Pass
STU01054,Robert Torres,21,Female,4.2,80.2,51.2,98.9,76.7,10,4.3,Yes,High School,Low,Yes,Good,68.75,Pass
STU01055,Maria Coleman,21,Female,2.9,81.2,33.7,31.7,61.5,6,6.0,No,High School,High,No,Average,41.09,Fail
STU01056,Gregory King,22,Male,1.7,84.5,63.4,44.0,52.4,10,7.6,No,Graduate,Low,Yes,Poor,49.97,Fail
STU01057,Michael Holloway,17,Male,1.0,57.4,34.8,86.9,82.7,26,8.5,No,High School,Low,Yes,Poor,58.71,Pass
STU01058,Brian Hunt,21,Female,4.1,82.1,32.5,73.5,84.5,6,7.0,Yes,Graduate,High,Yes,Excellent,70.12,Pass
STU01059,Sarah Brooks,15,Female,3.2,63.9,71.8,78.5,91.0,16,6.1,Yes,Diploma,Middle,No,Excellent,67.23,Pass
STU01060,Lisa Evans,17,Male,7.1,76.4,63.6,70.5,82.5,4,9.8,No,Postgraduate,High,Yes,Excellent,81.33,Pass
STU01061,Arthur Mcneil,18,Male,1.1,52.7,90.9,67.1,73.0,27,6.9,Yes,Graduate,Middle,No,Average,56.2,Pass
STU01062,Shannon Green,19,Male,6.1,65.6,49.9,88.6,35.1,16,9.3,No,Graduate,Low,Yes,Average,55.79,Pass
STU01063,Stephanie Evans,22,Male,2.4,79.6,90.8,77.5,59.0,26,8.1,No,Diploma,High,No,Excellent,55.47,Pass
STU01064,Ralph Yoder,22,Female,8.0,87.5,71.9,54.9,33.4,18,4.2,Yes,High School,Middle,No,Good,55.69,Pass
STU01065,Rebekah Greene,19,Female,4.7,88.1,64.9,88.9,32.3,19,6.2,Yes,Postgraduate,Low,Yes,Excellent,57.23,Pass
STU01066,Melanie Griffith,22,Female,1.0,97.7,44.5,94.6,59.8,29,9.9,Yes,High School,Middle,Yes,Average,51.54,Pass
STU01067,Yolanda Green,17,Female,4.7,96.5,30.3,82.4,93.2,28,4.8,No,High School,High,Yes,Excellent,67.1,Pass
STU01068,James Johnson,21,Male,7.5,77.1,64.3,39.9,30.1,11,8.9,Yes,High School,High,No,Excellent,51.63,Pass
STU01069,Laura Lee,22,Male,1.2,81.7,89.5,44.6,76.6,8,4.5,Yes,High School,Middle,Yes,Poor,53.64,Pass
STU01070,Courtney Nichols,22,Female,6.0,65.1,60.1,72.0,42.0,10,8.4,No,Diploma,Middle,Yes,Poor,59.53,Pass
STU01071,Susan Powers,19,Male,2.8,83.1,40.3,78.2,39.0,22,6.6,Yes,Graduate,High,No,Excellent,54.61,Pass
STU01072,Sarah Pittman,22,Male,2.5,94.1,88.0,43.8,73.0,2,4.5,Yes,Postgraduate,Low,No,Good,59.39,Pass
STU01073,Catherine Davis,17,Male,3.4,85.7,72.9,73.7,49.8,26,6.3,Yes,High School,Low,No,Poor,60.01,Pass
STU01074,David Stokes,21,Male,4.3,85.4,46.2,52.7,53.4,2,4.2,Yes,Graduate,Low,No,Good,52.49,Pass
STU01075,Catherine Frazier,17,Male,3.1,90.2,88.3,66.3,61.9,22,4.2,Yes,Diploma,Middle,Yes,Poor,62.33,Pass
STU01076,Brandon Kelly,21,Female,3.1,96.2,31.6,70.7,68.4,14,5.3,Yes,High School,Low,No,Average,62.16,Pass
STU01077,Elizabeth French,18,Female,3.7,82.6,77.3,30.1,95.6,29,5.0,Yes,Diploma,Low,Yes,Excellent,59.2,Pass
STU01078,David Carter,15,Male,0.8,56.2,94.1,52.1,38.1,10,4.6,Yes,High School,Low,Yes,Average,41.14,Fail
STU01079,Julie Delacruz,17,Male,5.9,92.7,46.7,31.5,45.6,13,4.3,Yes,Graduate,Middle,Yes,Average,52.79,Pass
STU01080,Terry Jones,21,Female,2.2,75.8,46.5,95.8,93.4,3,7.4,Yes,Diploma,Low,No,Good,62.79,Pass
STU01081,Kathryn Dillon,17,Male,3.2,69.1,56.8,80.9,61.6,12,9.1,No,High School,Middle,Yes,Excellent,58.42,Pass
STU01082,Edwin Brown,18,Male,4.7,54.8,43.0,58.9,44.4,21,9.3,No,Graduate,Low,Yes,Average,50.9,Pass
STU01083,Brenda Gonzalez,21,Female,1.7,72.8,69.4,78.4,56.8,24,9.2,No,High School,High,Yes,Good,47.67,Fail
STU01084,Keith Knox,16,Female,1.0,73.2,83.3,73.0,88.3,20,7.0,No,Diploma,Middle,Yes,Good,73.3,Pass
STU01085,Eugene Baldwin,22,Male,1.4,50.7,49.7,78.9,85.3,10,5.8,Yes,Postgraduate,Middle,Yes,Poor,41.72,Fail
STU01086,Katherine Welch,18,Male,3.6,61.6,38.9,43.8,33.9,19,5.2,Yes,Graduate,Low,No,Average,39.9,Fail
STU01087,Mark Smith,16,Male,0.6,81.4,50.6,98.1,43.6,4,6.1,No,Postgraduate,Middle,Yes,Average,64.72,Pass
STU01088,Philip Jackson,21,Male,5.4,69.4,72.1,33.1,33.8,20,6.7,Yes,Diploma,High,No,Good,58.92,Pass
STU01089,Katherine Gallagher,17,Female,4.6,94.4,36.8,87.6,44.7,10,6.4,Yes,Postgraduate,High,No,Poor,55.07,Pass
STU01090,Lucas Schultz,18,Female,1.6,75.2,82.1,60.9,64.3,10,9.1,Yes,Diploma,High,Yes,Average,50.91,Pass
STU01091,Vincent Reyes,18,Female,5.8,74.5,46.8,91.9,70.4,16,5.3,No,Diploma,Middle,Yes,Poor,69.38,Pass
STU01092,Curtis Watson,22,Male,0.8,99.6,38.5,85.7,57.6,30,7.0,Yes,High School,High,Yes,Average,51.79,Pass
STU01093,Frank Whitaker,17,Male,7.1,70.6,64.9,33.5,30.2,5,5.5,Yes,Diploma,High,Yes,Excellent,48.21,Fail
STU01094,Michael Sims,22,Female,1.4,70.5,72.1,79.8,42.5,5,4.5,Yes,Diploma,Middle,Yes,Average,53.69,Pass
STU01095,Michael Cooper,19,Female,7.6,63.0,85.5,90.4,84.1,18,5.0,No,Diploma,Middle,No,Poor,77.65,Pass
STU01096,James Chapman,20,Female,5.0,66.9,47.1,38.5,65.7,12,7.5,Yes,Postgraduate,Middle,No,Excellent,57.78,Pass
STU01097,Rodney Evans,17,Female,3.2,73.8,53.6,74.9,93.1,0,5.0,No,Postgraduate,Low,No,Average,60.79,Pass
STU01098,Nicholas Carlson,17,Female,5.2,86.4,90.6,49.5,96.5,12,4.4,No,Graduate,Middle,No,Excellent,71.51,Pass
STU01099,Stephen Cowan,22,Male,5.0,52.9,88.1,67.1,76.9,10,9.0,Yes,Postgraduate,Low,Yes,Average,64.15,Pass
STU01100,Steven Howard,15,Male,1.5,73.4,68.9,32.2,49.2,27,4.2,No,Postgraduate,Middle,No,Excellent,48.07,Fail
STU01101,Travis Hull,20,Female,3.7,94.8,93.9,74.6,41.3,15,9.4,No,High School,Middle,Yes,Poor,58.65,Pass
STU01102,Darryl Acosta,21,Male,7.4,87.9,77.6,79.6,44.0,6,5.3,No,Graduate,High,No,Excellent,68.37,Pass
STU01103,Nicholas Lawrence,20,Male,5.7,61.0,58.5,84.7,84.9,20,6.7,No,Postgraduate,High,Yes,Average,69.47,Pass
STU01104,Jacob Santos,22,Male,5.4,61.4,47.8,52.0,38.2,29,5.6,No,High School,High,Yes,Good,49.01,Fail
STU01105,Shawn Scott,22,Male,2.1,72.8,89.0,37.3,80.4,8,8.1,Yes,Diploma,Low,Yes,Poor,51.06,Pass
STU01106,Amber Vang,21,Female,6.2,62.9,75.1,32.8,88.8,22,6.7,Yes,Diploma,Middle,Yes,Excellent,68.63,Pass
STU01107,Martha Smith,19,Female,5.3,61.1,74.0,84.1,63.1,16,7.7,No,Graduate,High,No,Poor,68.68,Pass
STU01108,Jennifer James,16,Female,4.2,92.1,82.1,58.7,46.1,26,6.4,Yes,Graduate,High,Yes,Excellent,59.01,Pass
STU01109,Kara Hernandez,19,Male,6.7,61.4,64.1,86.4,54.7,5,7.9,No,High School,Low,Yes,Excellent,62.33,Pass
STU01110,Lorraine Turner,21,Female,6.5,54.9,47.6,89.9,54.3,23,9.8,No,Diploma,Low,No,Average,58.52,Pass
STU01111,Mary Nelson,17,Male,7.8,63.4,32.7,79.4,61.6,15,4.6,Yes,High School,Middle,Yes,Average,59.6,Pass
STU01112,Breanna Rivas,18,Male,7.7,84.7,82.1,57.8,53.5,23,5.4,Yes,Diploma,Middle,No,Excellent,65.31,Pass
STU01113,Nathan Wilson,16,Male,4.1,77.6,71.1,48.0,96.4,2,5.0,No,High School,Middle,Yes,Good,57.09,Pass
STU01114,Brian Gonzalez,16,Female,3.9,78.5,58.3,59.0,81.3,0,8.1,Yes,Postgraduate,Middle,Yes,Poor,63.81,Pass
STU01115,Dennis Mills,15,Female,6.7,62.5,69.6,71.0,55.9,24,6.9,Yes,High School,Low,Yes,Poor,57.07,Pass
STU01116,Michael Phillips,21,Female,2.1,55.3,74.4,76.3,96.5,29,8.4,No,Postgraduate,Middle,No,Good,60.89,Pass
STU01117,Jon Clark,20,Female,0.9,94.2,86.1,61.0,71.0,10,9.9,Yes,Graduate,High,No,Excellent,68.83,Pass
STU01118,Erin Smith,15,Female,1.1,59.6,58.6,70.9,87.1,27,9.9,No,High School,Low,No,Excellent,57.79,Pass
STU01119,Susan Conley,17,Male,3.4,52.4,82.1,72.3,43.9,19,7.0,Yes,Graduate,High,Yes,Good,56.8,Pass
STU01120,Brittany Davis,22,Female,4.2,65.3,93.3,76.4,58.6,16,5.7,No,Diploma,Low,No,Poor,66.06,Pass
STU01121,Misty Garcia,20,Male,6.0,62.1,41.2,67.1,50.3,25,7.8,No,Postgraduate,Low,No,Excellent,55.54,Pass
STU01122,David Hinton,16,Female,2.6,50.0,38.3,95.4,90.7,13,5.4,No,High School,High,No,Good,54.93,Pass
STU01123,John Garcia,18,Male,6.3,80.4,93.1,56.2,77.7,27,4.4,Yes,Diploma,Middle,Yes,Good,71.41,Pass
STU01124,Andrew Roberts,22,Male,4.5,64.4,37.8,79.2,75.1,28,6.2,No,High School,Middle,Yes,Average,57.45,Pass
STU01125,Emily Rodgers,18,Male,7.6,51.1,49.7,94.5,52.5,24,5.5,Yes,High School,Middle,Yes,Average,66.09,Pass
STU01126,Peter Williams,20,Female,1.3,97.2,81.7,42.7,79.8,24,6.3,No,Diploma,High,No,Excellent,61.93,Pass
STU01127,Mary Jackson,16,Male,3.5,89.2,92.6,38.9,59.4,29,6.9,No,High School,High,No,Average,52.12,Pass
STU01128,Jeffrey Howell,16,Female,0.9,84.3,58.4,43.6,87.1,12,8.8,No,Postgraduate,Low,Yes,Good,52.13,Pass
STU01129,Anna Briggs,16,Female,4.1,64.9,71.5,50.2,46.5,2,8.4,Yes,High School,Middle,Yes,Poor,50.72,Pass
STU01130,James Rivers,20,Male,2.3,96.8,63.8,55.5,91.1,27,6.4,No,Postgraduate,High,Yes,Good,62.54,Pass
STU01131,James Jefferson,15,Male,3.0,60.4,54.6,52.2,77.4,27,5.7,No,Postgraduate,Middle,No,Average,49.73,Fail
STU01132,Mariah Robles,18,Male,1.9,70.4,90.9,56.4,76.5,12,5.5,Yes,Postgraduate,Middle,Yes,Good,61.03,Pass
STU01133,Michael Brown,18,Female,1.5,52.9,49.9,41.0,42.2,21,8.6,No,Diploma,High,No,Average,39.97,Fail
STU01134,Caitlin Perry,15,Female,3.3,75.3,66.6,51.9,50.7,9,8.4,Yes,Graduate,High,No,Average,53.42,Pass
STU01135,Rebekah Gregory,22,Female,7.0,59.6,36.3,92.8,54.5,22,7.3,No,High School,Middle,Yes,Average,55.05,Pass
STU01136,James Howard,18,Male,4.9,76.3,43.2,61.6,85.8,29,7.5,Yes,Postgraduate,High,No,Good,60.8,Pass
STU01137,Michael Roberson,17,Male,1.2,77.4,75.7,85.5,74.0,17,4.9,No,Graduate,Middle,No,Good,66.15,Pass
STU01138,Bianca Knapp,21,Female,0.7,70.6,51.6,76.9,45.1,2,7.5,No,Graduate,High,Yes,Excellent,55.44,Pass
STU01139,Jason Williams,16,Male,7.3,89.9,89.9,98.5,30.7,10,7.7,Yes,Graduate,Middle,Yes,Average,75.78,Pass
STU01140,Ernest Bush,22,Female,2.4,99.1,69.9,85.5,36.0,9,5.1,Yes,Diploma,Low,Yes,Poor,56.99,Pass
STU01141,Patricia Ray,20,Male,6.2,51.1,83.1,31.0,76.0,21,6.2,Yes,Postgraduate,Middle,Yes,Poor,66.72,Pass
STU01142,Vanessa Santiago,16,Female,3.1,55.4,34.5,71.2,66.4,15,8.5,Yes,High School,Low,No,Excellent,56.51,Pass
STU01143,Joseph Haynes,17,Female,4.3,71.1,55.9,31.9,53.5,7,9.9,Yes,High School,Low,No,Excellent,51.23,Pass
STU01144,Matthew Wright,19,Male,4.9,92.4,58.7,31.3,35.2,20,7.1,No,High School,Middle,No,Good,55.55,Pass
STU01145,Michael Cruz,22,Female,7.8,84.7,34.6,43.3,84.0,0,9.0,Yes,High School,Low,Yes,Excellent,76.45,Pass
STU01146,Kristin Huerta,18,Male,0.7,91.4,81.2,48.1,79.6,18,5.3,No,Graduate,High,Yes,Average,66.01,Pass
STU01147,Mason Moore,21,Female,0.8,60.1,41.6,53.6,59.3,20,7.1,No,Graduate,High,Yes,Poor,35.42,Fail
STU01148,Sarah Booth,20,Male,0.7,80.3,55.7,50.9,90.7,22,8.5,Yes,Postgraduate,High,Yes,Excellent,57.2,Pass
STU01149,John Allen,22,Male,6.9,74.7,38.5,78.7,44.4,16,6.6,Yes,Diploma,High,Yes,Average,57.72,Pass
STU01150,Amber Walker,17,Male,6.1,81.0,82.2,60.2,85.0,17,6.8,No,Graduate,Low,Yes,Average,77.51,Pass
STU01151,Jennifer Young,18,Male,7.6,74.3,60.1,85.0,87.5,2,7.3,No,High School,Low,Yes,Good,75.53,Pass
STU01152,Robert West,20,Male,7.8,87.6,82.7,32.3,62.8,13,7.9,Yes,Diploma,Middle,Yes,Good,61.14,Pass
STU01153,Jillian Wilson,22,Male,6.7,52.5,85.4,68.4,43.8,18,5.9,No,Graduate,High,No,Average,59.5,Pass
STU01154,Matthew Garcia MD,16,Male,0.9,57.9,82.8,39.3,46.3,7,6.7,Yes,Diploma,Low,No,Average,36.84,Fail
STU01155,April Davis,17,Male,4.4,88.2,59.1,85.3,73.3,18,4.7,No,Graduate,Low,No,Poor,65.35,Pass
STU01156,Lisa Torres,19,Female,3.5,87.2,67.7,57.2,42.0,12,5.4,Yes,Postgraduate,Middle,Yes,Good,48.85,Fail
STU01157,Christine Powers,21,Male,4.8,71.2,63.5,41.9,76.4,17,9.1,Yes,High School,High,No,Average,60.7,Pass
STU01158,Heidi Brown,20,Male,7.8,66.7,68.7,36.3,72.4,13,4.5,Yes,Graduate,Middle,No,Poor,54.26,Pass
STU01159,Jesse Castro,18,Male,7.7,85.8,81.2,79.3,71.3,8,6.7,Yes,High School,High,No,Poor,79.88,Pass
STU01160,Kara Sandoval,20,Male,4.9,76.9,59.5,44.7,30.3,11,5.4,No,Graduate,Low,Yes,Good,49.36,Fail
STU01161,Ashley Malone,15,Male,4.3,69.0,59.2,98.6,54.5,12,6.7,Yes,Postgraduate,Low,Yes,Average,63.18,Pass
STU01162,Glenn Gallegos,19,Female,6.2,57.5,67.2,47.8,46.0,3,4.1,No,Graduate,High,No,Poor,60.9,Pass
STU01163,Dorothy Boyd,15,Male,1.5,65.5,37.6,99.0,51.6,10,4.8,No,Diploma,Middle,No,Excellent,52.61,Pass
STU01164,Amber Martin,17,Female,1.0,93.1,92.5,47.3,61.5,0,4.1,Yes,Diploma,Low,No,Good,52.33,Pass
STU01165,Mitchell Griffith,15,Female,5.3,70.7,47.6,44.5,75.8,22,6.5,Yes,Postgraduate,High,No,Average,60.66,Pass
STU01166,Levi Lopez,22,Female,4.7,92.9,37.6,85.0,77.1,25,4.7,No,Graduate,Middle,No,Average,60.22,Pass
STU01167,Jenna Bryant,19,Male,5.7,72.1,91.4,39.9,75.0,30,6.3,No,Postgraduate,Middle,Yes,Poor,63.15,Pass
STU01168,Michelle Rodriguez,16,Male,7.7,95.1,47.6,86.2,99.7,30,5.5,Yes,Diploma,High,Yes,Poor,79.7,Pass
STU01169,Timothy Monroe,19,Female,3.8,76.0,49.2,31.1,45.4,25,5.7,Yes,Postgraduate,High,Yes,Excellent,39.8,Fail
STU01170,Patricia Hayes,22,Male,7.0,85.2,35.5,75.5,75.8,12,9.7,Yes,Diploma,High,Yes,Excellent,68.34,Pass
STU01171,Tina Taylor,20,Male,0.5,62.4,90.3,95.2,80.4,23,8.6,Yes,Postgraduate,Low,Yes,Average,63.49,Pass
STU01172,Mr. Anthony Mcconnell PhD,16,Female,2.2,59.1,82.7,39.5,62.8,26,9.6,Yes,Graduate,Low,No,Excellent,47.69,Fail
STU01173,Mr. Thomas Thompson,21,Male,1.9,98.9,94.6,68.9,41.9,11,5.9,Yes,Graduate,High,Yes,Poor,51.42,Pass
STU01174,Monica Anderson,19,Female,2.6,98.6,40.0,81.3,30.0,15,7.6,No,Graduate,Low,Yes,Excellent,49.11,Fail
STU01175,Kyle Andrade,18,Female,7.4,64.4,42.1,75.6,79.9,29,8.1,Yes,Postgraduate,High,No,Poor,59.89,Pass
STU01176,Janice Petty,20,Male,7.7,96.2,59.7,89.2,61.7,19,6.5,No,Graduate,Middle,No,Poor,68.67,Pass
STU01177,Pamela Hill,15,Female,1.7,71.3,64.9,31.6,61.1,28,8.7,Yes,Postgraduate,Middle,Yes,Poor,54.11,Pass
STU01178,Tracy Chavez,21,Female,7.3,50.9,66.2,85.1,67.9,6,5.9,Yes,Diploma,Middle,Yes,Excellent,73.03,Pass
STU01179,Jason Graves,15,Male,1.5,94.4,60.6,91.5,71.0,24,8.0,No,Diploma,Middle,No,Good,66.7,Pass
STU01180,Elizabeth Miles,19,Female,3.5,75.7,82.2,56.2,57.2,13,4.6,Yes,Graduate,Low,No,Excellent,63.19,Pass
STU01181,Michelle Walls,17,Male,7.4,54.6,72.1,58.9,58.4,11,8.1,No,High School,Middle,Yes,Poor,62.73,Pass
STU01182,Christina Weber,18,Female,6.3,91.4,41.1,92.8,75.9,1,9.3,Yes,Postgraduate,Middle,No,Poor,70.3,Pass
STU01183,Gregory Chambers,17,Male,4.1,77.1,89.7,93.0,61.4,30,5.6,No,Graduate,Low,No,Excellent,57.82,Pass
STU01184,Miss Tina Gordon,22,Male,2.7,63.4,86.0,34.9,77.4,10,5.0,No,Postgraduate,Low,Yes,Poor,49.27,Fail
STU01185,Erica Wilson,15,Male,3.1,53.1,47.5,83.8,92.0,4,5.3,No,High School,High,Yes,Poor,51.67,Pass
STU01186,John Duncan,20,Female,7.1,88.1,63.4,77.0,89.3,19,4.1,Yes,Postgraduate,Middle,No,Good,62.54,Pass
STU01187,Jennifer Adkins,22,Male,3.5,95.4,78.1,68.0,67.1,24,6.1,No,Diploma,High,Yes,Average,75.66,Pass
STU01188,Donna Boone,18,Female,3.6,85.7,86.0,40.8,61.6,24,6.4,Yes,Graduate,High,Yes,Excellent,60.52,Pass
STU01189,Kelly Johnson,18,Female,5.7,62.5,71.6,91.4,59.3,22,9.5,Yes,Diploma,Low,Yes,Average,71.02,Pass
STU01190,Michael Gonzalez,16,Male,0.7,80.2,48.0,90.4,49.8,12,8.1,Yes,Graduate,Low,Yes,Excellent,53.46,Pass
STU01191,Candace Mitchell,15,Male,5.6,61.1,32.3,58.6,50.2,2,8.9,Yes,Postgraduate,Middle,No,Average,52.15,Pass
STU01192,Ryan Vaughn,18,Female,5.0,80.2,83.8,59.8,49.3,13,5.6,No,High School,High,No,Poor,67.78,Pass
STU01193,Paul Johnson,19,Male,4.5,72.5,58.6,36.4,80.3,8,5.3,No,Graduate,Middle,No,Average,57.23,Pass
STU01194,Ashley Parrish,20,Male,2.2,79.2,54.1,61.4,67.6,5,5.2,Yes,High School,Low,No,Average,49.77,Fail
STU01195,Sharon Newton,19,Female,1.7,94.0,58.2,58.8,32.5,8,7.0,Yes,Postgraduate,Low,No,Excellent,60.32,Pass
STU01196,Cynthia Mueller,20,Female,5.8,58.9,46.4,86.8,96.3,9,4.8,Yes,High School,High,Yes,Average,77.38,Pass
STU01197,Donna Beck,20,Female,4.2,60.7,33.9,52.8,40.1,23,8.3,No,Graduate,Low,No,Average,39.14,Fail
STU01198,Jasmine Frye,21,Male,0.6,90.4,41.5,72.4,53.6,28,7.5,Yes,Diploma,High,Yes,Poor,51.19,Pass
STU01199,Emily Arnold,18,Male,2.9,54.3,44.5,43.2,60.0,22,7.9,No,High School,Low,No,Good,58.41,Pass
STU01200,David Oliver,22,Male,7.7,79.5,60.6,70.1,95.0,17,9.0,Yes,High School,Low,Yes,Excellent,78.68,Pass
STU01201,Sheila Greer,19,Female,2.9,61.9,47.1,65.3,82.1,28,7.0,No,Postgraduate,High,Yes,Excellent,56.66,Pass
STU01202,Michele Holland,16,Female,6.5,64.5,73.2,59.9,92.2,13,9.1,Yes,Diploma,High,No,Average,69.89,Pass
STU01203,Kimberly Morrison,19,Male,4.4,84.6,87.4,64.7,51.9,30,8.5,Yes,Diploma,High,No,Excellent,59.58,Pass
STU01204,Tracey Phillips,16,Male,7.0,86.2,56.2,45.0,54.9,14,5.7,No,Postgraduate,Middle,No,Average,54.11,Pass
STU01205,Michael Lopez,17,Male,1.8,87.2,46.4,61.8,57.0,5,9.9,Yes,High School,High,No,Good,52.1,Pass
STU01206,Jose Bennett,19,Male,1.2,79.5,69.0,59.3,60.2,9,4.3,No,High School,Low,Yes,Poor,52.75,Pass
STU01207,Justin Anderson,18,Female,4.4,75.2,39.7,37.3,38.7,1,4.6,Yes,Graduate,Low,No,Poor,40.49,Fail
STU01208,Dawn Rivera,18,Male,2.4,58.7,92.3,89.8,46.1,17,6.0,Yes,High School,High,No,Good,58.63,Pass
STU01209,Brittney Hernandez,20,Male,2.1,74.6,31.3,77.0,66.6,30,9.4,No,Diploma,Middle,No,Good,55.56,Pass
STU01210,Anthony Randolph,15,Male,6.4,56.4,55.9,41.9,47.8,26,5.6,No,Diploma,High,No,Average,47.77,Fail
STU01211,Mary Henry,19,Male,4.7,70.6,91.6,38.8,98.2,17,5.4,Yes,Postgraduate,High,No,Average,64.61,Pass
STU01212,Heather Bowers,22,Male,1.6,92.9,50.1,76.1,69.7,10,6.8,No,Diploma,High,No,Average,66.15,Pass
STU01213,Daniel White,22,Male,4.2,86.6,35.7,76.8,92.7,23,4.3,No,Graduate,Low,No,Poor,67.26,Pass
STU01214,Jonathan Perry,22,Male,3.8,70.2,38.9,65.5,38.9,14,6.9,Yes,Diploma,Low,No,Average,45.01,Fail
STU01215,Anna Walker,19,Male,6.2,62.9,61.3,99.4,78.1,9,9.0,Yes,Diploma,Middle,Yes,Poor,78.67,Pass
STU01216,Gary Ward,17,Male,0.8,56.1,43.2,58.1,89.2,13,6.1,Yes,Postgraduate,High,No,Poor,49.67,Fail
STU01217,Paul Moreno,17,Male,5.4,85.5,68.1,55.0,70.4,19,6.1,Yes,Postgraduate,Middle,Yes,Poor,62.6,Pass
STU01218,Samantha Zavala MD,15,Male,5.4,66.5,55.4,48.3,54.0,4,6.5,Yes,High School,Middle,Yes,Poor,58.84,Pass
STU01219,Jill Conway,15,Male,5.9,75.6,91.3,32.9,65.2,17,7.5,No,High School,Low,Yes,Excellent,68.75,Pass
STU01220,Lisa Haley,22,Male,2.3,93.8,31.2,81.3,95.3,9,7.9,No,Postgraduate,Low,Yes,Poor,67.98,Pass
STU01221,Erica Moon,19,Male,3.8,52.2,89.8,62.9,32.0,0,8.1,Yes,High School,High,No,Poor,47.19,Fail
STU01222,Janice Fernandez,21,Male,2.1,53.2,67.3,73.5,65.4,0,8.9,Yes,High School,Low,No,Excellent,56.24,Pass
STU01223,Thomas Short,17,Female,7.0,80.8,30.8,78.7,59.3,20,7.4,No,Diploma,High,No,Poor,55.66,Pass
STU01224,Robert Griffin,22,Male,7.4,56.7,73.6,30.3,94.7,3,4.7,Yes,High School,Middle,No,Poor,73.07,Pass
STU01225,Steven Lee,20,Male,1.2,66.7,54.3,45.0,71.0,11,6.7,Yes,High School,High,Yes,Average,50.37,Pass
STU01226,Tiffany Jackson,21,Female,6.6,84.5,77.1,78.9,51.8,19,4.6,Yes,Postgraduate,Low,No,Good,65.74,Pass
STU01227,Kimberly Smith,20,Male,2.5,91.6,93.7,64.6,30.7,8,4.8,No,Graduate,Middle,Yes,Poor,59.95,Pass
STU01228,Michael Ayala,17,Male,1.1,97.2,53.7,93.9,84.6,10,8.5,Yes,Postgraduate,Middle,No,Poor,59.15,Pass
STU01229,Jessica Garcia,16,Female,5.1,81.3,71.5,74.0,68.8,30,9.9,No,Diploma,Low,No,Average,71.16,Pass
STU01230,Michele Cherry,17,Female,7.0,60.8,35.4,63.8,66.0,11,9.0,No,Postgraduate,Middle,No,Excellent,63.73,Pass
STU01231,Maria Case,20,Male,3.8,78.5,64.3,32.7,73.1,25,9.0,Yes,Postgraduate,Middle,No,Excellent,59.2,Pass
STU01232,Brittany Stevens,18,Female,5.0,58.2,38.0,98.6,57.6,2,5.4,No,Diploma,High,Yes,Average,52.77,Pass
STU01233,Brandon Brown,20,Male,1.8,83.4,69.6,75.0,36.2,6,9.4,Yes,Graduate,High,No,Average,47.04,Fail
STU01234,Kristin Andrews,16,Male,4.0,69.5,86.1,95.0,51.2,29,9.2,No,Graduate,Low,No,Excellent,58.4,Pass
STU01235,David Hughes,17,Female,6.4,96.5,46.0,70.4,49.2,7,8.9,Yes,Diploma,Low,Yes,Poor,64.87,Pass
STU01236,Jessica Smith,17,Female,3.0,66.1,71.9,89.6,72.6,23,9.1,Yes,Postgraduate,Middle,Yes,Poor,63.01,Pass
STU01237,Kimberly May,16,Female,2.5,76.0,59.3,30.8,69.0,26,8.0,Yes,High School,Low,No,Average,59.73,Pass
STU01238,Nicole Richards,16,Male,4.8,53.3,37.6,71.8,49.2,2,4.5,Yes,Postgraduate,Low,Yes,Excellent,53.41,Pass
STU01239,Angel Reilly,17,Female,3.7,77.7,51.4,80.4,75.1,15,6.0,No,Graduate,Middle,Yes,Good,66.18,Pass
STU01240,Richard Turner,16,Male,5.3,77.7,30.7,78.8,56.3,1,9.7,Yes,Diploma,High,Yes,Poor,67.0,Pass
STU01241,Preston Kim,21,Female,6.6,79.4,46.4,44.3,53.8,21,6.9,No,Graduate,High,No,Average,57.35,Pass
STU01242,Matthew Wells,21,Male,1.7,98.9,37.0,95.2,94.0,8,7.2,Yes,Postgraduate,Low,Yes,Excellent,59.67,Pass
STU01243,Brandy Myers,15,Male,5.9,71.8,71.0,53.8,51.1,12,7.5,Yes,High School,High,No,Excellent,73.02,Pass
STU01244,Kimberly Choi,20,Female,2.6,68.3,35.5,33.7,47.7,26,4.4,No,Diploma,Low,No,Excellent,40.12,Fail
STU01245,Michael Sloan,18,Female,1.3,90.6,32.5,76.1,49.1,3,9.2,Yes,High School,Middle,No,Poor,43.75,Fail
STU01246,Monica Brooks,18,Female,4.4,69.1,66.7,38.0,99.8,5,6.6,Yes,High School,Low,Yes,Good,64.78,Pass
STU01247,Kristen Peters,18,Male,3.1,85.5,53.7,88.3,61.8,20,8.3,Yes,Diploma,Middle,Yes,Poor,57.61,Pass
STU01248,Aaron Carlson,22,Male,1.6,65.8,93.4,48.0,61.9,1,4.2,No,High School,Middle,Yes,Good,58.28,Pass
STU01249,Theresa Torres,19,Female,3.5,78.6,92.0,66.2,87.3,16,7.3,Yes,Graduate,Middle,No,Average,69.52,Pass
STU01250,Stephanie Cooper,16,Female,4.8,97.5,85.8,46.0,45.4,13,5.2,Yes,Diploma,Low,No,Excellent,60.0,Pass
STU01251,Matthew Hunt,15,Female,7.4,92.6,80.4,57.5,65.3,5,6.8,Yes,Postgraduate,Low,Yes,Average,72.48,Pass
STU01252,Daniel Davenport,18,Male,0.7,56.6,87.6,82.6,59.6,24,7.1,Yes,Graduate,Middle,Yes,Good,45.81,Fail
STU01253,Christopher Marsh,19,Female,3.3,87.0,81.0,83.4,80.6,19,5.2,No,High School,High,No,Average,67.17,Pass
STU01254,Sarah Randolph,18,Male,3.0,87.7,51.4,39.7,57.9,30,9.9,Yes,Postgraduate,Low,Yes,Average,42.9,Fail
STU01255,Julia Dunn MD,19,Male,2.2,80.6,58.1,35.0,64.2,15,8.2,Yes,Postgraduate,Middle,Yes,Good,58.29,Pass
STU01256,Brett Swanson,17,Male,2.7,54.3,90.9,56.5,70.3,8,8.8,No,Graduate,Low,Yes,Average,59.4,Pass
STU01257,Mr. Carl Rios,22,Female,2.9,85.8,38.8,50.4,40.1,15,8.9,No,Postgraduate,High,Yes,Poor,52.6,Pass
STU01258,Manuel Mccullough,22,Male,7.6,76.4,65.1,62.3,52.8,11,6.9,No,Postgraduate,Middle,Yes,Excellent,59.53,Pass
STU01259,Jerry Jensen,20,Female,5.0,99.3,91.0,90.4,92.2,11,6.8,Yes,Postgraduate,High,No,Good,85.53,Pass
STU01260,Kevin Cunningham,15,Male,3.4,98.1,57.0,72.1,79.7,23,9.7,Yes,High School,Low,Yes,Good,69.32,Pass
STU01261,Eugene Patterson,21,Male,2.3,87.3,63.9,48.8,84.4,18,7.3,No,High School,Low,No,Excellent,55.28,Pass
STU01262,David Walker,16,Female,4.1,80.9,56.3,43.9,97.3,14,7.1,No,Postgraduate,Low,Yes,Average,71.15,Pass
STU01263,Jessica Larsen,16,Female,6.0,70.6,53.1,58.5,58.6,24,7.3,No,Diploma,Middle,No,Poor,56.99,Pass
STU01264,Nicholas Humphrey,20,Female,1.5,74.8,41.0,38.8,95.3,19,7.6,No,Diploma,High,No,Poor,71.06,Pass
STU01265,Ian Torres,19,Female,5.4,70.1,89.1,74.7,83.8,1,6.2,Yes,Postgraduate,Low,Yes,Good,71.38,Pass
STU01266,Casey Obrien,15,Female,2.5,64.3,47.6,89.9,32.2,1,4.5,No,Postgraduate,Middle,Yes,Poor,49.76,Fail
STU01267,Shannon Taylor,18,Male,2.6,60.0,45.1,85.9,69.4,30,4.0,No,Graduate,Middle,Yes,Poor,43.29,Fail
STU01268,Deborah Mercado,17,Male,1.4,83.8,75.6,80.5,81.0,8,4.0,No,High School,Middle,No,Excellent,56.89,Pass
STU01269,Bernard Smith,18,Female,7.7,90.7,88.8,31.1,95.4,5,8.9,Yes,High School,Middle,No,Good,81.96,Pass
STU01270,Amanda Perkins,17,Male,7.6,72.1,69.0,63.3,95.3,11,4.5,No,Postgraduate,Middle,Yes,Excellent,82.59,Pass
STU01271,Kevin Escobar,20,Female,4.3,84.3,81.5,70.8,93.6,26,9.7,Yes,Diploma,Low,Yes,Good,72.68,Pass
STU01272,Kimberly Lutz,20,Male,0.7,66.5,64.9,93.8,89.3,4,4.8,No,Diploma,Middle,No,Poor,59.46,Pass
STU01273,Reginald Diaz,21,Female,1.2,79.5,64.6,48.6,93.0,16,9.6,Yes,Postgraduate,Low,No,Poor,66.1,Pass
STU01274,Raymond Quinn,15,Male,3.4,86.8,60.9,38.6,95.0,23,6.7,Yes,Postgraduate,High,Yes,Excellent,62.33,Pass
STU01275,John Dixon,18,Female,6.0,68.4,31.2,37.0,64.7,6,8.1,Yes,High School,Middle,No,Poor,61.03,Pass
STU01276,Jonathan Bates,19,Female,5.7,85.2,62.0,94.0,64.2,16,6.7,Yes,Postgraduate,High,No,Excellent,63.65,Pass
STU01277,Renee Mendez,21,Female,2.0,65.4,32.8,74.3,47.4,11,5.8,No,Graduate,Low,Yes,Excellent,42.97,Fail
STU01278,Jose Griffin,21,Female,2.3,58.5,80.4,39.1,61.8,5,7.0,Yes,Postgraduate,Middle,No,Excellent,57.99,Pass
STU01279,Travis Hopkins,19,Male,5.7,81.7,82.7,33.1,50.8,2,5.7,Yes,High School,High,Yes,Excellent,57.5,Pass
STU01280,Nancy Webb,16,Female,2.8,76.1,73.1,56.7,80.4,23,6.0,Yes,Postgraduate,High,Yes,Good,56.96,Pass
STU01281,Daniel Freeman,21,Male,2.7,77.1,31.5,35.6,59.3,7,9.7,No,Postgraduate,Low,Yes,Excellent,47.25,Fail
STU01282,Jacob Williams,16,Female,6.8,86.6,69.7,87.4,58.3,30,5.3,No,Postgraduate,High,No,Poor,69.08,Pass
STU01283,Terry Ward,20,Male,4.3,77.4,65.0,69.6,96.4,16,9.4,No,Graduate,High,No,Good,72.14,Pass
STU01284,Jesse Williams,21,Male,7.6,54.9,47.2,64.7,89.3,0,7.0,No,High School,Low,Yes,Average,69.35,Pass
STU01285,Mrs. Michele Boyd,20,Female,6.1,56.9,46.4,81.2,41.5,10,6.1,Yes,Postgraduate,Low,No,Average,50.27,Pass
STU01286,Sandy Baker,21,Male,5.8,68.4,66.1,37.0,86.4,25,6.2,No,Diploma,High,No,Average,55.78,Pass
STU01287,Carrie Valdez,21,Female,5.4,86.3,43.6,91.9,73.1,16,6.6,Yes,Postgraduate,Low,Yes,Average,63.89,Pass
STU01288,Matthew Houston,16,Female,3.0,90.5,75.2,83.6,60.9,26,8.3,No,Diploma,Middle,Yes,Poor,67.64,Pass
STU01289,Jamie Solomon,16,Male,3.4,60.6,71.1,98.3,51.7,13,6.8,Yes,Diploma,Low,Yes,Excellent,61.28,Pass
STU01290,Heather Parrish,15,Male,6.8,88.1,33.8,99.9,82.7,14,9.2,No,Diploma,Low,Yes,Good,84.16,Pass
STU01291,Mr. Larry Shaw,18,Male,5.4,92.8,37.3,54.3,91.3,23,5.2,No,Graduate,High,Yes,Good,63.97,Pass
STU01292,Christopher Jones,16,Male,6.9,84.3,63.8,88.1,59.3,20,5.2,Yes,High School,Low,No,Poor,69.58,Pass
STU01293,Christine Lopez,16,Male,2.6,75.3,64.5,86.4,85.4,9,7.5,No,Diploma,Low,Yes,Excellent,63.62,Pass
STU01294,Mitchell Wilson,20,Male,0.9,93.7,34.9,47.3,78.7,12,6.5,Yes,Postgraduate,Low,No,Poor,57.35,Pass
STU01295,Robert Cortez,22,Male,7.1,64.9,30.8,51.0,70.5,6,6.3,No,Postgraduate,Middle,No,Average,64.0,Pass
STU01296,Mr. Daniel Martin,17,Female,7.3,63.3,60.0,68.4,96.4,0,10.0,Yes,High School,Low,No,Good,75.19,Pass
STU01297,Alison Williams,22,Male,2.3,86.3,54.6,30.6,30.6,5,6.8,No,High School,Low,Yes,Poor,42.76,Fail
STU01298,Candace Soto,17,Male,5.7,64.7,66.4,51.1,41.7,27,6.4,No,High School,Low,Yes,Good,52.13,Pass
STU01299,Kenneth Brown,17,Male,2.2,76.7,42.9,65.6,41.0,2,8.0,Yes,Graduate,Middle,No,Average,47.54,Fail
STU01300,Christopher Mullen,16,Female,4.0,53.5,68.9,48.5,66.9,22,7.1,No,Postgraduate,High,No,Excellent,55.35,Pass
STU01301,Kristy Smith,21,Male,7.4,77.5,67.9,58.1,96.4,8,8.7,Yes,Diploma,High,No,Excellent,79.81,Pass
STU01302,Mary Campbell,16,Female,3.7,91.4,83.5,43.2,79.1,5,5.7,Yes,Postgraduate,Middle,No,Excellent,63.93,Pass
STU01303,Jerry Haney,19,Female,2.7,64.8,77.2,46.1,30.1,19,8.3,Yes,Postgraduate,Middle,Yes,Good,43.21,Fail
STU01304,Carolyn Greer,20,Male,4.1,52.2,93.1,80.1,52.6,14,5.9,Yes,High School,High,No,Excellent,52.07,Pass
STU01305,Rebecca Hoover,19,Female,3.9,81.3,39.5,43.2,90.2,12,5.5,Yes,High School,Low,No,Excellent,64.82,Pass
STU01306,Matthew Baker,17,Female,5.5,67.1,74.4,31.4,81.5,7,6.9,Yes,Diploma,High,No,Good,61.2,Pass
STU01307,Grace Chavez,17,Female,6.6,97.7,90.2,93.6,65.9,3,6.2,Yes,Graduate,High,Yes,Good,88.35,Pass
STU01308,Crystal Cruz,18,Female,7.1,60.3,89.7,87.1,98.5,18,9.3,No,Diploma,High,Yes,Excellent,77.6,Pass
STU01309,Dale Heath,19,Male,2.6,55.3,37.3,50.4,73.0,16,8.8,Yes,High School,High,No,Poor,51.39,Pass
STU01310,Jennifer Hernandez,21,Female,0.5,59.3,36.5,55.4,65.1,10,4.3,No,Diploma,Low,Yes,Excellent,48.05,Fail
STU01311,John Mendez,22,Male,3.1,59.0,72.1,62.5,64.7,8,6.6,No,High School,Low,No,Average,65.11,Pass
STU01312,Richard Gordon,20,Female,4.7,96.5,54.6,62.5,36.2,7,7.7,Yes,Graduate,Low,Yes,Excellent,58.49,Pass
STU01313,John Anderson,19,Male,2.7,58.0,65.4,67.3,35.3,26,8.2,No,High School,High,Yes,Good,41.01,Fail
STU01314,Samantha Prince,15,Male,4.0,86.0,64.4,57.7,52.6,15,7.7,Yes,Postgraduate,High,No,Good,60.86,Pass
STU01315,Marie Boyd,20,Female,7.5,83.6,34.9,62.2,92.4,12,4.6,Yes,Graduate,Middle,Yes,Excellent,74.63,Pass
STU01316,Andrew Moreno,19,Female,3.6,72.0,71.2,84.2,32.4,15,7.6,Yes,Graduate,High,Yes,Poor,52.84,Pass
STU01317,Robert Clarke,18,Male,1.9,67.3,52.6,62.8,53.4,26,4.6,Yes,Diploma,Low,No,Excellent,50.43,Pass
STU01318,Kevin Figueroa,18,Male,1.4,97.3,77.7,74.6,75.2,2,9.0,Yes,Graduate,High,Yes,Poor,67.83,Pass
STU01319,Melissa Davis,19,Male,1.3,75.2,75.3,71.1,88.3,3,4.4,Yes,Graduate,Low,No,Good,65.12,Pass
STU01320,John Hall,21,Female,3.3,67.0,70.4,92.4,64.7,22,8.9,Yes,Diploma,High,No,Poor,72.02,Pass
STU01321,Diane Mcdowell,17,Female,3.5,55.1,34.0,33.6,56.6,27,6.0,Yes,Postgraduate,High,No,Poor,47.03,Fail
STU01322,Colin Fletcher,18,Female,0.9,61.1,47.8,68.3,40.1,21,4.8,No,Graduate,Middle,No,Average,46.01,Fail
STU01323,Laura Wilson,16,Female,7.6,90.2,41.7,58.5,54.9,24,8.7,No,High School,Middle,Yes,Average,57.57,Pass
STU01324,Matthew Watts,16,Male,6.0,69.8,47.1,56.3,64.8,15,6.1,Yes,Diploma,Low,Yes,Excellent,58.62,Pass
STU01325,Jack Moore,21,Male,2.3,69.9,31.2,84.1,42.0,15,4.3,Yes,Graduate,Low,No,Good,52.68,Pass
STU01326,Dawn Wyatt,22,Male,6.6,74.7,43.3,81.6,79.0,27,5.5,Yes,Diploma,Low,No,Excellent,69.19,Pass
STU01327,Jacob Hill,22,Male,7.3,55.2,93.9,90.2,78.2,24,9.6,No,Diploma,Low,No,Excellent,70.06,Pass
STU01328,Nicole Gutierrez,17,Female,3.8,53.6,55.3,81.9,57.1,30,6.0,Yes,Diploma,Middle,Yes,Poor,55.74,Pass
STU01329,Karen Wood,18,Male,5.0,93.6,33.1,57.0,41.1,28,8.2,No,Diploma,Middle,Yes,Excellent,54.71,Pass
STU01330,Dawn Parker,22,Female,2.6,59.9,90.9,31.3,60.6,8,4.1,Yes,High School,Middle,No,Average,47.93,Fail
STU01331,Michael Fitzgerald,17,Female,4.1,75.1,50.9,39.3,56.3,16,8.0,No,Graduate,Low,No,Good,53.53,Pass
STU01332,Mary Adkins,20,Male,4.9,60.0,48.7,41.3,47.5,1,5.3,No,Postgraduate,Low,No,Average,56.59,Pass
STU01333,Michael Martin,21,Male,4.4,78.1,91.4,43.7,74.9,19,8.9,No,Postgraduate,High,No,Poor,57.38,Pass
STU01334,James Morgan,15,Male,2.5,52.0,49.9,82.1,33.3,30,5.3,Yes,Diploma,Low,Yes,Poor,44.84,Fail
STU01335,Melissa Mann,19,Male,5.8,89.1,59.6,78.9,57.2,2,5.0,Yes,Graduate,Low,No,Excellent,73.25,Pass
STU01336,Vincent Smith,21,Male,7.6,53.4,63.0,53.0,65.6,7,4.1,No,Postgraduate,Low,Yes,Average,50.94,Pass
STU01337,Charles Frost,20,Female,2.8,91.0,66.0,61.5,50.0,22,5.8,No,High School,Low,Yes,Excellent,61.29,Pass
STU01338,Austin Walker,19,Male,7.8,71.9,55.6,89.3,59.9,5,7.3,No,High School,Low,Yes,Good,66.94,Pass
STU01339,Andrew Cruz,22,Male,2.2,87.2,64.6,86.6,84.7,30,5.3,Yes,Postgraduate,Middle,No,Poor,69.54,Pass
STU01340,Miss Kelly Dawson,17,Female,3.1,58.6,30.2,61.6,54.7,28,7.3,Yes,Diploma,High,Yes,Good,49.04,Fail
STU01341,Theresa Wilkins,22,Male,1.9,93.0,46.8,45.9,63.6,15,7.0,Yes,Postgraduate,Low,Yes,Poor,50.46,Pass
STU01342,Jessica Harris,19,Male,1.8,85.9,80.1,62.4,80.0,16,8.4,Yes,Diploma,Low,Yes,Good,60.15,Pass
STU01343,Regina Mitchell,20,Female,1.5,98.3,83.4,44.3,43.0,15,4.8,No,Graduate,High,No,Good,55.33,Pass
STU01344,Kyle Black,20,Female,4.0,89.1,78.5,72.3,78.0,0,4.1,No,Graduate,High,No,Excellent,66.51,Pass
STU01345,Christopher Johnson,16,Female,2.8,81.9,30.6,32.3,89.6,21,8.1,Yes,Diploma,Middle,Yes,Average,59.87,Pass
STU01346,Aaron Moore,20,Female,6.4,65.3,32.3,95.3,54.2,0,4.6,Yes,Postgraduate,Middle,Yes,Poor,54.48,Pass
STU01347,Penny Gomez MD,18,Female,4.2,88.4,44.4,48.9,47.0,20,10.0,Yes,Graduate,High,No,Average,55.96,Pass
STU01348,Kelly Mclaughlin,19,Female,7.4,57.3,93.1,96.3,91.9,28,5.3,No,Postgraduate,High,No,Good,69.9,Pass
STU01349,Brandon Mitchell,19,Male,5.3,88.0,94.1,42.6,83.6,1,6.0,No,High School,Middle,No,Good,70.34,Pass
STU01350,Suzanne Bailey,19,Male,6.5,73.2,64.9,99.7,57.9,0,7.7,No,Diploma,Middle,Yes,Good,63.66,Pass
STU01351,Destiny Obrien,17,Female,3.2,69.6,75.2,95.7,68.0,15,8.6,No,High School,Middle,Yes,Excellent,63.33,Pass
STU01352,Timothy Andrews,15,Male,2.4,75.9,31.0,48.5,66.0,9,7.4,Yes,High School,Middle,No,Poor,50.91,Pass
STU01353,Jason Rodriguez,21,Female,7.4,82.3,57.0,95.1,84.9,21,5.2,Yes,High School,Middle,Yes,Good,76.8,Pass
STU01354,Edward Arroyo,19,Male,4.7,89.5,78.0,73.8,99.0,30,7.2,Yes,Graduate,Low,Yes,Excellent,70.78,Pass
STU01355,Tina Walter,16,Female,1.3,91.4,46.4,84.4,97.0,7,8.2,Yes,Postgraduate,Middle,Yes,Excellent,63.21,Pass
STU01356,Laura Benson,21,Female,3.2,67.7,71.4,82.6,77.5,30,5.2,Yes,Graduate,Middle,No,Average,73.2,Pass
STU01357,Kristine Carrillo,21,Female,4.2,89.6,60.9,67.6,84.0,25,8.0,Yes,Diploma,Middle,Yes,Excellent,72.03,Pass
STU01358,Tonya Ellis,18,Female,1.7,99.8,37.7,31.0,92.3,9,5.5,Yes,Graduate,High,No,Average,57.36,Pass
STU01359,Kevin Johnson,21,Female,6.0,90.6,85.8,99.4,50.6,3,8.3,Yes,Postgraduate,High,No,Good,72.51,Pass
STU01360,Austin Schultz,22,Female,6.9,68.4,68.4,65.3,75.2,13,9.8,No,Postgraduate,Middle,No,Poor,64.37,Pass
STU01361,Megan Hall MD,15,Female,0.9,78.7,86.1,63.7,35.5,2,7.4,Yes,Graduate,Low,No,Average,47.65,Fail
STU01362,Kelli Smith,19,Male,6.9,76.1,90.7,86.4,78.5,24,4.0,No,Diploma,Middle,Yes,Excellent,71.7,Pass
STU01363,Danielle Davis,22,Male,3.7,59.9,89.2,42.2,50.0,2,7.1,Yes,Graduate,High,Yes,Good,50.31,Pass
STU01364,Samantha Jones,16,Female,5.0,54.4,33.8,56.1,80.4,18,7.3,No,Graduate,Low,Yes,Poor,52.29,Pass
STU01365,Karen Gomez,18,Male,3.7,78.3,53.8,95.5,33.8,17,8.0,No,Diploma,Low,Yes,Good,56.33,Pass
STU01366,Debra Valentine,19,Male,1.9,64.8,76.6,35.9,86.8,25,8.3,No,Diploma,Low,Yes,Poor,57.5,Pass
STU01367,Susan Porter,17,Male,6.0,55.0,76.7,77.6,88.2,16,4.2,Yes,Diploma,Low,Yes,Excellent,67.65,Pass
STU01368,Nicolas Salas,15,Female,1.6,77.9,89.6,57.4,89.1,12,4.0,Yes,High School,Middle,No,Excellent,62.6,Pass
STU01369,Dale Wright,17,Male,1.8,51.5,51.3,93.6,36.8,26,7.6,No,Postgraduate,High,Yes,Excellent,49.33,Fail
STU01370,Brittney Rodriguez,17,Male,1.4,60.6,31.9,60.4,49.4,5,9.2,Yes,Diploma,Low,Yes,Excellent,44.65,Fail
STU01371,Megan Alvarado,22,Female,5.0,80.7,64.6,36.4,61.2,9,10.0,Yes,Postgraduate,Middle,No,Excellent,56.81,Pass
STU01372,Pamela Weaver,21,Male,4.0,83.9,86.8,82.4,95.7,14,4.3,No,Postgraduate,Low,Yes,Good,72.7,Pass
STU01373,John Oliver,22,Male,0.6,83.1,48.8,47.7,53.2,18,5.6,No,High School,High,No,Poor,32.27,Fail
STU01374,William Prince PhD,22,Male,4.3,83.6,55.2,47.6,41.6,29,6.1,No,Diploma,Middle,No,Good,53.48,Pass
STU01375,William Moon IV,15,Male,6.1,87.8,73.3,46.4,71.2,11,7.4,Yes,Graduate,High,No,Poor,81.68,Pass
STU01376,Kenneth Brown,17,Male,4.2,78.3,76.5,37.7,82.5,11,4.8,No,Postgraduate,High,Yes,Good,58.08,Pass
STU01377,Karen Fernandez,19,Female,1.0,98.8,92.2,34.2,61.0,2,5.1,No,Postgraduate,Middle,Yes,Good,64.62,Pass
STU01378,Jennifer Parks,17,Female,7.6,81.7,53.0,72.2,51.8,18,9.5,No,Postgraduate,Low,Yes,Poor,64.98,Pass
STU01379,William Wolfe,17,Male,7.0,77.9,51.1,50.5,32.3,3,8.9,Yes,Postgraduate,High,No,Good,46.49,Fail
STU01380,Michael Smith,18,Male,4.0,90.9,38.1,90.0,92.8,3,9.7,Yes,Postgraduate,Middle,Yes,Poor,69.9,Pass
STU01381,Kevin Nguyen,19,Male,3.5,60.9,54.3,53.3,42.3,1,7.6,Yes,Postgraduate,Middle,Yes,Average,54.72,Pass
STU01382,Debbie Dunn,20,Male,0.7,82.2,79.6,83.2,92.0,22,8.4,No,Postgraduate,Low,Yes,Average,66.82,Pass
STU01383,John Austin,19,Female,7.5,66.6,62.7,31.0,30.5,14,5.4,No,Diploma,Low,Yes,Excellent,48.99,Fail
STU01384,Jonathan Clark,18,Male,1.8,51.4,89.1,30.6,81.5,18,4.9,Yes,High School,Low,Yes,Average,50.35,Pass
STU01385,Jacqueline Dickerson,15,Female,7.3,94.6,72.5,77.1,30.4,24,9.9,No,High School,Middle,Yes,Excellent,58.91,Pass
STU01386,Christopher Anderson,18,Male,7.2,64.6,66.6,37.0,94.5,18,4.8,No,Graduate,Middle,Yes,Poor,72.63,Pass
STU01387,Crystal Garcia,22,Female,2.2,77.9,79.7,73.4,46.2,20,4.0,No,High School,High,Yes,Average,53.35,Pass
STU01388,David Reynolds,19,Male,7.3,70.5,64.1,63.4,61.3,3,8.7,No,Diploma,Low,No,Poor,73.09,Pass
STU01389,Charles Haley,18,Female,4.5,65.8,46.8,32.6,70.8,29,5.4,No,Postgraduate,High,No,Poor,53.07,Pass
STU01390,Robert Thompson,17,Female,5.6,87.6,62.7,92.6,95.5,2,8.8,Yes,Graduate,Middle,Yes,Poor,74.68,Pass
STU01391,Dr. Samuel Holmes DDS,22,Female,5.3,65.2,93.9,49.2,44.2,20,6.7,Yes,High School,Middle,No,Good,63.6,Pass
STU01392,Elizabeth Hart,18,Female,5.4,74.9,32.1,72.9,80.1,28,6.5,Yes,Diploma,Low,No,Poor,71.83,Pass
STU01393,Jennifer Vaughn,18,Female,6.2,61.4,44.4,41.3,56.0,2,9.1,Yes,Graduate,Low,No,Poor,53.09,Pass
STU01394,Robert Woods,22,Male,4.9,86.0,45.7,41.8,98.0,8,7.7,Yes,High School,Low,No,Average,72.73,Pass
STU01395,Joanna Cook,20,Female,7.9,66.9,75.7,45.6,48.3,15,7.1,No,Diploma,Low,Yes,Poor,55.87,Pass
STU01396,Justin Frederick,18,Female,2.5,51.8,75.8,64.4,36.6,21,5.0,Yes,Postgraduate,Low,No,Excellent,43.11,Fail
STU01397,Alejandro Martinez,17,Female,1.3,80.6,36.1,82.8,31.4,22,5.5,No,Diploma,Low,No,Poor,46.42,Fail
STU01398,Tracey Gonzalez,20,Female,1.0,91.1,62.0,89.3,72.1,6,8.1,No,Postgraduate,Low,Yes,Average,67.17,Pass
STU01399,Mariah Thompson,16,Male,8.0,61.6,70.6,62.2,32.8,7,4.1,No,High School,Low,Yes,Poor,58.42,Pass
STU01400,Heather Nunez,16,Male,4.8,77.7,32.1,62.9,94.7,4,6.4,No,Diploma,Middle,Yes,Good,61.09,Pass
STU01401,Dr. Steve James,20,Male,5.2,89.0,81.0,66.3,90.1,9,6.3,Yes,Postgraduate,Middle,Yes,Poor,72.98,Pass
STU01402,Mark Thomas,16,Female,2.6,52.7,81.7,59.2,46.0,30,5.4,Yes,Postgraduate,High,No,Average,49.91,Fail
STU01403,Robert Rogers,22,Female,7.3,91.7,66.0,73.1,63.2,30,6.3,No,Graduate,High,Yes,Good,59.78,Pass
STU01404,Laura Sweeney,20,Male,4.2,72.9,63.7,39.8,65.9,1,5.5,No,Postgraduate,High,No,Good,52.35,Pass
STU01405,Christopher Perez,16,Male,1.9,53.2,79.6,59.9,73.9,29,8.4,Yes,Diploma,Middle,Yes,Poor,53.27,Pass
STU01406,Eddie Adams,20,Male,3.4,68.8,71.6,64.6,89.4,1,9.2,Yes,Postgraduate,High,No,Poor,77.34,Pass
STU01407,Denise Wallace,15,Female,1.8,56.8,71.0,51.1,31.3,26,9.3,Yes,Graduate,Middle,No,Good,47.69,Fail
STU01408,Heidi Matthews,16,Male,2.0,61.7,63.9,42.0,51.4,8,5.9,No,Postgraduate,Low,No,Excellent,50.92,Pass
STU01409,Jennifer White,22,Male,1.7,60.3,81.3,41.7,32.0,7,7.8,Yes,Postgraduate,Low,No,Poor,45.81,Fail
STU01410,Nicholas Stanley,19,Male,7.3,89.2,70.5,52.1,67.9,17,4.5,No,High School,High,No,Good,62.48,Pass
STU01411,Mercedes Miller,18,Male,5.6,86.3,92.7,48.2,31.3,10,7.3,No,Postgraduate,High,Yes,Poor,64.11,Pass
STU01412,Brian Brown,21,Female,2.0,63.1,63.3,53.1,90.2,27,6.8,No,Postgraduate,High,No,Average,60.45,Pass
STU01413,Kimberly Johnson,21,Female,6.5,79.0,80.3,53.3,88.2,23,5.6,Yes,Diploma,Low,No,Good,63.28,Pass
STU01414,Phillip Miller,16,Male,4.1,65.9,47.3,97.7,41.2,24,8.7,No,Graduate,High,No,Poor,56.04,Pass
STU01415,Christopher Pena,19,Female,7.9,51.0,75.4,47.7,32.8,8,6.4,No,High School,Low,No,Good,54.29,Pass
STU01416,Ellen Wright,19,Male,7.1,54.2,74.3,77.6,76.8,14,9.7,No,High School,Middle,Yes,Excellent,82.77,Pass
STU01417,Mark Anderson,15,Female,6.7,52.1,60.6,57.9,51.7,15,6.7,Yes,Postgraduate,Low,Yes,Good,49.75,Fail
STU01418,Alyssa Alvarado,20,Male,7.8,54.4,89.9,63.6,73.7,14,9.0,Yes,Graduate,Middle,No,Excellent,60.15,Pass
STU01419,Erika Alvarez,17,Male,3.2,71.5,56.6,56.2,94.8,20,9.0,Yes,Diploma,High,Yes,Average,58.98,Pass
STU01420,Kimberly Nelson,16,Male,5.1,57.2,64.0,30.5,52.2,5,8.1,No,Graduate,Low,Yes,Poor,50.98,Pass
STU01421,Wayne Wolfe,19,Female,4.1,98.9,86.8,55.1,33.2,0,9.1,No,High School,High,Yes,Good,66.0,Pass
STU01422,Kyle Welch,16,Male,7.3,61.8,89.0,51.7,98.3,16,5.7,No,High School,High,Yes,Average,68.25,Pass
STU01423,Kristy Mills,18,Female,7.7,52.7,76.1,67.2,63.5,18,5.3,No,Postgraduate,Low,No,Good,58.65,Pass
STU01424,Emily Reed,17,Male,4.6,62.7,92.1,32.0,44.0,10,5.5,No,Graduate,Middle,No,Excellent,55.55,Pass
STU01425,Regina Ramos,19,Male,3.6,61.6,61.9,91.1,79.8,5,7.5,No,High School,Middle,Yes,Poor,66.54,Pass
STU01426,David Torres,16,Male,1.7,89.3,46.3,59.2,54.5,25,9.2,No,Graduate,Low,No,Poor,49.8,Fail
STU01427,Robert Charles,17,Female,1.4,78.3,39.2,79.3,93.4,24,6.6,Yes,High School,Low,No,Poor,64.26,Pass
STU01428,John Smith,15,Female,4.4,74.4,67.6,78.2,37.5,21,8.9,No,Graduate,Middle,Yes,Good,56.61,Pass
STU01429,Theresa Woods,18,Female,3.8,53.6,81.1,56.4,37.0,7,7.8,No,Diploma,Middle,No,Poor,48.57,Fail
STU01430,Jeffrey Carter,18,Female,5.0,80.3,53.7,93.3,65.2,23,6.8,No,Graduate,Low,No,Poor,70.49,Pass
STU01431,Adam Brooks,20,Female,8.0,74.7,41.6,65.9,87.0,19,8.7,Yes,Postgraduate,Middle,Yes,Average,73.68,Pass
STU01432,Justin Foster,18,Female,2.4,93.1,88.1,43.6,39.1,21,9.9,Yes,Graduate,Middle,No,Good,60.23,Pass
STU01433,Omar Price,16,Male,7.0,94.7,87.6,67.9,75.2,13,7.3,No,Diploma,High,No,Average,87.57,Pass
STU01434,Dennis Henderson,17,Female,4.3,74.6,41.2,49.5,41.1,0,5.2,Yes,High School,Middle,No,Excellent,49.86,Fail
STU01435,Phillip Kent,16,Male,7.8,57.7,47.5,71.3,72.7,27,4.9,Yes,Postgraduate,Low,Yes,Poor,65.02,Pass
STU01436,Melinda Mitchell,17,Female,2.3,64.4,91.0,87.8,78.8,28,4.5,No,Graduate,Low,No,Average,66.37,Pass
STU01437,Rhonda Gutierrez,19,Male,3.6,78.0,42.2,61.4,72.1,10,6.0,No,High School,High,Yes,Poor,60.64,Pass
STU01438,Catherine Roberts,20,Female,2.9,91.9,36.7,88.6,40.7,29,4.5,No,Postgraduate,High,No,Good,54.38,Pass
STU01439,Lisa Nelson,22,Male,5.3,73.6,89.0,55.4,50.1,23,7.0,Yes,High School,Low,Yes,Good,49.82,Fail
STU01440,Chelsea Smith,22,Female,5.7,88.0,85.4,98.1,48.7,10,8.3,No,Diploma,High,No,Poor,68.24,Pass
STU01441,Joseph Lopez,18,Female,3.5,83.9,60.9,99.6,81.0,15,9.7,No,High School,High,No,Good,70.15,Pass
STU01442,Derrick Espinoza,20,Female,2.4,68.5,31.3,66.7,65.4,10,7.2,Yes,Diploma,Low,Yes,Excellent,58.54,Pass
STU01443,Crystal Hernandez,19,Female,7.8,95.6,40.5,55.8,59.7,3,6.2,No,Graduate,Low,Yes,Good,66.49,Pass
STU01444,Glenn Collins DDS,19,Female,4.8,92.7,82.4,39.3,80.0,14,6.6,Yes,Diploma,Middle,No,Poor,74.83,Pass
STU01445,Mrs. Raven Rivera DVM,18,Female,2.7,52.5,61.7,54.9,47.6,4,8.2,Yes,Diploma,High,Yes,Poor,44.9,Fail
STU01446,Amy Rowe,15,Male,0.9,92.4,30.6,95.6,73.9,0,5.9,No,High School,Middle,Yes,Good,64.49,Pass
STU01447,John Lee,21,Female,2.3,50.5,45.3,39.6,72.9,16,5.0,Yes,Postgraduate,Middle,Yes,Poor,58.57,Pass
STU01448,Ruth Clayton,22,Female,2.7,51.8,32.4,31.8,81.7,15,5.9,No,High School,Low,No,Poor,50.83,Pass
STU01449,Randy Wright,20,Male,6.5,71.6,59.4,65.9,79.9,23,5.6,Yes,High School,Middle,Yes,Good,66.54,Pass
STU01450,Jessica Rojas,19,Female,3.0,72.1,72.1,64.6,73.4,20,7.3,Yes,Graduate,Low,No,Poor,55.43,Pass
STU01451,Joel Wise,20,Male,6.0,85.3,64.7,77.5,91.1,26,6.6,Yes,High School,Low,Yes,Excellent,80.38,Pass
STU01452,Vickie Kennedy,18,Male,4.9,53.6,88.0,32.2,82.4,8,8.6,No,Diploma,Middle,Yes,Excellent,59.64,Pass
STU01453,Emily Morris,19,Male,7.6,52.7,68.8,59.9,53.1,6,4.5,Yes,Diploma,Low,No,Poor,54.51,Pass
STU01454,Amanda Pineda,22,Male,1.3,80.6,78.0,83.7,93.4,22,6.5,Yes,High School,Middle,No,Excellent,80.7,Pass
STU01455,Dawn Little,18,Female,7.6,93.3,49.3,41.1,60.5,15,6.4,Yes,Graduate,Low,No,Excellent,72.33,Pass
STU01456,Stephen Boyer,22,Female,6.1,75.5,36.8,90.1,51.7,19,9.8,No,Postgraduate,Middle,Yes,Average,69.7,Pass
STU01457,Brian Chen,16,Female,1.4,97.9,35.9,46.2,33.3,13,8.2,No,Graduate,Low,No,Poor,44.57,Fail
STU01458,Christopher Hill,17,Female,7.5,79.5,71.0,89.2,50.8,30,6.1,No,High School,Middle,No,Average,72.46,Pass
STU01459,Richard Smith,22,Female,7.3,95.0,93.5,93.1,38.9,19,8.9,No,Diploma,Low,No,Good,73.39,Pass
STU01460,Richard Alvarez,18,Female,4.0,77.7,64.4,52.5,35.3,1,9.4,No,Graduate,High,No,Excellent,53.92,Pass
STU01461,Jacqueline Davis,21,Female,6.5,57.0,80.5,73.8,58.6,13,5.5,No,Graduate,Low,No,Excellent,64.98,Pass
STU01462,Brandon Montgomery,18,Female,4.6,80.5,35.9,63.2,43.6,20,5.3,Yes,Graduate,Middle,No,Average,54.99,Pass
STU01463,Yolanda Garrett,17,Male,5.5,95.6,56.2,44.5,75.4,24,9.2,Yes,Graduate,Low,Yes,Poor,68.43,Pass
STU01464,Matthew Miles,21,Male,4.5,87.6,39.1,54.4,57.3,24,7.1,No,Graduate,High,Yes,Poor,57.37,Pass
STU01465,Beth Hall,18,Female,7.5,93.7,38.7,42.1,55.0,17,5.7,Yes,Diploma,High,No,Average,63.87,Pass
STU01466,Dr. Nicole Trujillo,19,Male,7.7,82.7,84.5,66.8,44.6,29,7.1,No,Graduate,Middle,Yes,Average,66.63,Pass
STU01467,Corey Norris,15,Male,4.7,87.1,44.3,55.8,55.5,27,9.8,Yes,High School,High,No,Excellent,65.19,Pass
STU01468,Chad Roach,15,Male,6.1,63.3,67.2,92.6,63.3,9,9.7,No,High School,Low,Yes,Poor,66.11,Pass
STU01469,Mr. Edward Terry,19,Male,2.1,53.7,87.9,89.3,99.5,26,8.1,No,Postgraduate,Low,No,Poor,68.75,Pass
STU01470,Cody Bailey,16,Male,3.4,96.7,58.1,67.7,61.2,16,7.4,No,High School,Low,Yes,Poor,67.81,Pass
STU01471,Denise Guerra,21,Male,4.0,52.4,87.3,61.1,71.2,26,4.8,No,Graduate,Middle,Yes,Good,54.95,Pass
STU01472,Kristen Jones,19,Female,7.3,60.8,43.3,42.7,31.0,6,8.6,Yes,Graduate,High,No,Excellent,51.67,Pass
STU01473,Edward Baker,19,Female,7.1,80.7,42.2,50.0,63.3,2,9.7,Yes,Postgraduate,High,No,Excellent,67.91,Pass
STU01474,Aaron Little,19,Male,3.8,64.9,59.6,35.0,85.9,12,5.5,Yes,Postgraduate,High,No,Good,52.79,Pass
STU01475,Cody Smith,16,Female,5.9,53.4,92.1,43.5,91.8,7,8.9,Yes,Postgraduate,Low,No,Good,68.66,Pass
STU01476,Patty Allen,22,Male,6.0,68.5,42.0,61.0,41.6,20,9.9,No,Graduate,Low,Yes,Poor,56.3,Pass
STU01477,Mary Ryan,17,Male,1.2,79.5,70.7,67.7,76.4,27,4.7,No,Diploma,Low,Yes,Excellent,48.88,Fail
STU01478,Joseph Jimenez,22,Male,7.6,88.1,93.2,32.6,50.0,1,5.2,No,Graduate,Middle,No,Good,68.01,Pass
STU01479,Lisa Morris,17,Male,0.6,62.1,74.1,46.2,65.6,10,9.3,No,High School,Middle,Yes,Excellent,47.32,Fail
STU01480,Ashley Mills,22,Female,3.3,72.8,41.5,74.4,55.5,30,9.1,Yes,Graduate,Middle,No,Poor,61.51,Pass
STU01481,Russell Anderson,16,Female,6.2,80.5,53.7,44.7,84.3,22,6.9,Yes,Postgraduate,Low,Yes,Average,61.52,Pass
STU01482,Christina Washington,16,Male,1.7,88.9,44.9,66.9,61.6,6,7.5,No,High School,Low,No,Excellent,53.31,Pass
STU01483,Kenneth Huff,17,Female,7.1,93.4,59.3,31.1,59.9,4,7.6,No,Postgraduate,Low,No,Poor,73.85,Pass
STU01484,Kelly Miles,21,Female,1.7,82.3,41.9,82.5,53.7,23,8.3,No,Graduate,High,No,Average,57.37,Pass
STU01485,Jacob Obrien,17,Female,0.9,70.4,75.8,45.9,85.7,16,7.8,Yes,Graduate,High,No,Excellent,48.85,Fail
STU01486,Timothy Clark,22,Male,4.1,79.9,60.7,78.9,60.4,29,5.2,No,Diploma,Low,No,Poor,64.73,Pass
STU01487,Steve Miller PhD,20,Female,2.1,50.3,49.6,82.4,85.6,5,5.2,Yes,Postgraduate,Low,Yes,Good,57.31,Pass
STU01488,Justin Hurley,18,Male,7.4,85.3,77.0,36.0,45.4,22,4.1,Yes,Postgraduate,Middle,Yes,Poor,62.01,Pass
STU01489,Jacob Erickson,22,Male,5.9,67.2,81.1,53.7,87.4,2,4.8,No,Diploma,Middle,Yes,Average,66.3,Pass
STU01490,Deborah Williams,19,Female,3.6,67.4,79.6,36.8,54.6,26,9.0,No,Graduate,Middle,No,Good,48.16,Fail
STU01491,Eric Blackburn,18,Male,1.0,97.1,94.1,36.2,50.4,18,6.2,Yes,High School,High,Yes,Good,57.14,Pass
STU01492,Anne Hardy,17,Female,5.3,87.9,37.7,88.3,79.4,18,7.5,Yes,Diploma,High,No,Good,75.13,Pass
STU01493,Chelsey Fox,19,Female,7.2,85.0,43.1,60.1,64.6,6,4.3,Yes,High School,Low,Yes,Poor,63.98,Pass
STU01494,Mario White,17,Male,0.7,96.2,85.4,66.7,46.0,5,4.7,No,High School,Middle,Yes,Poor,66.35,Pass
STU01495,Jennifer Garcia,17,Female,3.2,62.8,62.9,97.6,70.2,13,9.3,No,Graduate,Middle,Yes,Average,61.77,Pass
STU01496,Heather Ellis,21,Female,6.9,73.6,86.5,50.4,39.0,24,9.1,No,Postgraduate,Middle,No,Good,70.83,Pass
STU01497,Sonya Jackson,16,Male,4.9,94.5,91.0,33.8,65.1,30,6.2,Yes,Graduate,High,Yes,Excellent,69.33,Pass
STU01498,James Morgan,22,Female,2.6,77.8,76.1,39.4,87.0,22,7.6,No,High School,High,No,Good,63.75,Pass
STU01499,Zachary Ramos,17,Male,7.6,67.0,37.0,65.5,36.0,27,9.8,No,Postgraduate,High,No,Excellent,42.95,Fail
STU01500,Ethan Frey,18,Male,1.0,81.1,68.0,49.7,93.7,12,5.8,No,Diploma,High,Yes,Average,63.03,Pass
STU01501,Jacob Duran,22,Female,3.9,77.2,36.5,95.3,56.2,16,4.5,Yes,High School,High,No,Good,64.5,Pass
STU01502,Nicholas Franklin,16,Female,4.4,84.7,33.6,49.9,87.3,29,4.5,No,High School,High,No,Poor,50.71,Pass
STU01503,Cindy Cannon,19,Female,6.9,54.6,84.2,55.3,72.9,12,4.9,Yes,Graduate,Middle,Yes,Poor,62.34,Pass
STU01504,Dawn Nixon,22,Female,4.4,79.4,81.3,75.9,72.6,15,6.5,Yes,Postgraduate,High,Yes,Poor,63.8,Pass
STU01505,James Barber,20,Male,4.1,70.7,84.7,46.1,30.4,19,7.9,Yes,Diploma,Low,Yes,Excellent,52.19,Pass
STU01506,Ms. Kelly Holder,16,Male,6.9,53.8,36.9,64.7,72.6,14,5.6,Yes,Graduate,Low,No,Average,57.65,Pass
STU01507,Eric Walker,15,Female,5.9,79.7,51.1,31.8,82.5,26,5.3,No,Diploma,High,No,Poor,58.69,Pass
STU01508,Alison Short,21,Female,4.8,93.6,86.1,56.0,44.6,26,8.7,Yes,High School,Low,Yes,Good,67.89,Pass
STU01509,Desiree Spencer,16,Male,3.7,59.6,88.8,43.9,31.8,14,4.1,Yes,Graduate,High,Yes,Excellent,54.94,Pass
STU01510,Tammy Moore,17,Male,2.8,66.0,52.1,77.6,34.1,9,9.6,No,Graduate,Low,No,Excellent,56.06,Pass
STU01511,Henry Taylor,16,Female,2.2,100.0,41.1,84.0,45.6,2,4.5,Yes,High School,Low,Yes,Average,64.43,Pass
STU01512,Kevin Hall,20,Male,4.7,92.6,50.5,66.7,64.0,24,6.1,Yes,High School,Low,No,Excellent,57.71,Pass
STU01513,Anna Ross,16,Male,7.2,58.3,39.7,70.4,76.0,9,5.2,Yes,Diploma,Middle,Yes,Excellent,65.19,Pass
STU01514,Morgan Cummings,19,Male,2.3,83.4,78.1,61.4,95.6,8,8.4,Yes,Graduate,Middle,Yes,Average,68.53,Pass
STU01515,Carrie Petersen,19,Male,3.9,78.5,75.0,71.5,91.5,5,6.1,No,Graduate,High,No,Good,65.5,Pass
STU01516,Laura Velez,16,Female,0.8,52.2,86.6,77.5,76.2,11,7.7,No,Graduate,High,No,Average,54.92,Pass
STU01517,Elizabeth Cross,15,Female,6.9,74.0,86.6,55.2,94.9,4,8.2,Yes,Postgraduate,Middle,No,Average,78.55,Pass
STU01518,Angela Brown,20,Female,4.5,56.9,68.4,52.0,33.7,2,9.7,Yes,Graduate,Low,No,Good,42.93,Fail
STU01519,Hannah Montoya,15,Male,5.3,93.8,73.9,55.0,65.9,16,8.1,Yes,Postgraduate,Low,No,Good,69.51,Pass
STU01520,Sean Kane,20,Female,3.5,97.7,75.7,32.9,93.5,21,6.9,Yes,Graduate,High,Yes,Good,68.13,Pass
STU01521,Matthew Guzman,15,Male,4.0,78.3,39.7,62.8,88.2,13,4.1,No,Graduate,Middle,Yes,Average,69.3,Pass
STU01522,Richard Reyes,20,Female,6.5,97.3,69.6,47.8,94.7,5,8.7,No,Diploma,Low,No,Excellent,73.84,Pass
STU01523,Andrew Fernandez,21,Female,4.8,84.8,90.1,79.9,55.8,15,8.3,Yes,Graduate,High,No,Good,67.5,Pass
STU01524,Jonathan Walker,22,Female,3.5,58.3,31.5,39.3,75.8,9,8.8,Yes,Diploma,High,Yes,Excellent,49.03,Fail
STU01525,Nicholas Long,21,Female,7.9,67.3,69.0,95.6,41.7,30,8.3,No,High School,Low,Yes,Good,62.99,Pass
STU01526,Kurt Wagner,18,Male,7.0,90.7,32.2,36.4,33.4,4,6.0,No,High School,Low,No,Average,53.47,Pass
STU01527,Dylan Foster,20,Female,4.3,76.6,47.4,93.8,55.8,12,4.3,Yes,Postgraduate,Low,Yes,Average,60.93,Pass
STU01528,Bradley Duncan,17,Female,3.6,63.7,38.5,87.3,99.7,9,6.0,Yes,Diploma,Low,Yes,Excellent,55.98,Pass
STU01529,James Miller,16,Male,3.4,80.9,76.7,57.4,93.3,4,7.4,No,High School,Middle,Yes,Good,79.55,Pass
STU01530,Patricia Anderson,16,Female,7.6,89.7,32.6,53.3,62.9,17,5.9,No,Diploma,Middle,No,Excellent,58.58,Pass
STU01531,Justin Freeman,18,Male,5.8,91.3,77.5,99.3,49.1,12,9.2,Yes,Graduate,Low,No,Good,68.05,Pass
STU01532,Christina Gilbert,19,Female,6.0,55.2,81.3,67.3,50.5,19,7.9,No,High School,Middle,No,Poor,65.6,Pass
STU01533,Danielle Jones,18,Male,5.3,60.5,32.0,60.4,69.9,24,9.3,Yes,Graduate,Middle,No,Poor,55.88,Pass
STU01534,Erica Glass,21,Male,6.2,72.0,78.5,44.3,56.0,20,7.8,Yes,Diploma,Middle,Yes,Poor,64.24,Pass
STU01535,Michael Henderson,18,Female,0.6,86.1,84.3,57.9,61.4,13,9.1,Yes,Graduate,Middle,Yes,Excellent,54.6,Pass
STU01536,Frank Wheeler,17,Female,2.9,83.9,66.6,41.4,51.7,9,9.4,No,Postgraduate,Low,No,Excellent,59.92,Pass
STU01537,Eric Huerta,17,Male,5.7,99.3,79.9,95.9,45.1,12,8.6,Yes,Postgraduate,Low,No,Poor,60.72,Pass
STU01538,Wanda Ramos,21,Male,7.0,92.7,31.4,72.7,55.7,5,6.5,No,Diploma,High,No,Excellent,61.84,Pass
STU01539,Andrew Meyers,15,Female,6.7,65.5,91.3,42.6,76.4,20,8.0,No,Postgraduate,Low,No,Excellent,62.77,Pass
STU01540,James Todd,19,Male,6.8,88.1,51.4,67.4,34.3,19,5.3,No,Graduate,Middle,No,Good,51.75,Pass
STU01541,Ashley Brown,16,Male,4.1,54.3,84.8,80.3,96.1,13,8.2,No,High School,Low,Yes,Good,70.56,Pass
STU01542,Tammy Melton,19,Male,5.0,98.8,71.7,32.2,80.7,16,9.4,No,Postgraduate,Low,No,Good,71.42,Pass
STU01543,Alexis Benson,15,Male,6.5,79.2,73.6,99.3,36.3,27,8.0,No,Postgraduate,Middle,Yes,Good,68.76,Pass
STU01544,Jerry Johnson,19,Female,5.1,57.7,43.4,73.5,39.0,10,5.6,No,High School,High,No,Average,43.36,Fail
STU01545,Joshua Harris,19,Female,6.8,66.4,61.7,95.9,45.9,13,6.3,Yes,Postgraduate,Middle,No,Poor,70.1,Pass
STU01546,Deanna Webb,16,Female,7.3,95.8,80.5,46.0,31.7,23,6.3,Yes,Postgraduate,Low,Yes,Poor,63.56,Pass
STU01547,Brenda Hale,16,Male,1.6,85.5,73.0,33.1,88.6,23,5.5,Yes,Postgraduate,Middle,No,Good,67.96,Pass
STU01548,Kevin Alvarado,22,Male,3.7,72.1,34.3,58.1,83.5,29,9.5,No,High School,Low,No,Good,54.17,Pass
STU01549,Christopher Campbell,15,Male,3.6,71.2,75.7,96.0,48.7,19,6.6,Yes,Postgraduate,High,Yes,Good,62.68,Pass
STU01550,Lisa Brown,19,Female,1.3,81.4,42.1,65.7,67.0,12,9.3,Yes,Diploma,High,No,Poor,61.45,Pass
STU01551,Alejandra Price,21,Male,4.0,64.0,45.0,91.2,42.0,25,6.6,Yes,Graduate,Middle,Yes,Poor,54.86,Pass
STU01552,Samuel Keller,20,Female,4.1,67.6,53.5,89.7,68.8,6,8.3,No,Graduate,High,Yes,Good,60.2,Pass
STU01553,Alicia Dillon,15,Female,7.2,95.1,51.4,96.7,31.7,29,6.3,Yes,Graduate,Middle,Yes,Excellent,61.4,Pass
STU01554,Crystal James,18,Male,2.5,65.1,69.8,60.7,80.9,25,9.4,No,Diploma,Middle,No,Excellent,62.36,Pass
STU01555,Ariana Stewart,20,Male,5.6,60.2,90.6,48.5,40.5,7,4.5,Yes,High School,High,No,Average,50.2,Pass
STU01556,Kim Lopez,16,Female,1.5,65.0,48.3,72.3,87.2,23,8.6,No,Postgraduate,High,No,Excellent,58.5,Pass
STU01557,Judith House,22,Male,2.5,62.3,92.8,30.6,91.6,10,5.2,No,Graduate,Middle,No,Average,59.39,Pass
STU01558,David Moreno,22,Female,3.8,85.4,68.2,52.3,68.8,6,8.4,Yes,Postgraduate,Middle,No,Poor,65.25,Pass
STU01559,James Moore,16,Female,0.8,50.6,59.8,39.2,76.5,17,5.3,No,High School,Low,No,Good,39.79,Fail
STU01560,Harold Garrett,19,Female,4.6,55.8,31.5,33.6,96.8,14,4.9,No,High School,Low,Yes,Good,53.3,Pass
STU01561,William Mason,21,Female,5.8,53.4,37.0,65.6,62.5,24,9.7,Yes,Graduate,High,No,Average,50.08,Pass
STU01562,Lori Johns,21,Male,3.2,97.4,69.2,70.5,46.2,12,4.3,Yes,High School,Middle,Yes,Average,70.14,Pass
STU01563,Robin Johnson,16,Female,7.6,65.7,58.8,38.0,88.6,5,4.2,Yes,Postgraduate,High,No,Good,64.66,Pass
STU01564,Diana Hernandez,18,Female,7.1,86.5,40.7,69.6,51.9,28,5.1,No,Graduate,Middle,Yes,Good,60.81,Pass
STU01565,Mary Miller,21,Male,6.9,70.2,55.9,41.9,56.8,27,9.2,No,Postgraduate,Middle,No,Excellent,60.05,Pass
STU01566,Tyler Salazar,17,Male,7.6,57.2,41.5,90.4,57.5,12,4.0,No,High School,High,No,Excellent,59.95,Pass
STU01567,Crystal Allen,17,Male,2.6,79.9,82.0,39.3,37.7,12,9.5,No,Postgraduate,Middle,Yes,Poor,54.69,Pass
STU01568,Wesley Browning,18,Male,6.3,71.4,79.3,56.0,47.1,19,8.4,Yes,Postgraduate,Low,No,Average,67.93,Pass
STU01569,Joshua Clark,17,Female,3.6,99.1,52.7,94.5,95.3,21,5.5,Yes,Graduate,Low,No,Average,71.59,Pass
STU01570,Joshua Mcbride,17,Female,7.4,72.5,78.4,62.7,45.9,11,5.2,Yes,Diploma,Middle,Yes,Good,69.36,Pass
STU01571,Ellen Thornton,17,Female,3.7,87.8,69.3,78.2,49.8,2,6.9,Yes,Diploma,High,No,Excellent,62.23,Pass
STU01572,Brandy Forbes,18,Female,0.6,58.5,72.4,72.8,85.2,7,5.5,Yes,Postgraduate,High,Yes,Good,58.46,Pass
STU01573,Brianna Fitzpatrick,17,Male,6.2,84.4,51.0,68.2,40.3,14,6.7,Yes,High School,High,Yes,Excellent,57.4,Pass
STU01574,Emily Grant,22,Female,6.8,79.5,42.5,70.7,65.4,2,6.4,No,Graduate,High,Yes,Poor,69.88,Pass
STU01575,Bailey Stewart,22,Female,1.4,70.8,34.7,36.9,59.1,26,5.8,Yes,Graduate,Middle,Yes,Good,41.63,Fail
STU01576,Monica Cannon,21,Female,6.2,76.5,75.8,48.2,95.9,13,7.2,Yes,High School,Low,No,Poor,75.13,Pass
STU01577,Jennifer Jenkins,17,Female,6.7,68.3,36.5,77.2,30.5,13,6.9,No,Diploma,Low,No,Average,55.5,Pass
STU01578,Timothy Shannon,19,Male,7.8,73.2,83.1,65.5,64.7,10,9.6,Yes,Postgraduate,High,No,Average,65.63,Pass
STU01579,Denise Maxwell,19,Female,7.2,89.3,49.3,68.2,45.7,9,6.7,No,Graduate,Middle,No,Good,69.25,Pass
STU01580,Cody Farmer,15,Male,7.2,70.7,31.2,90.3,42.2,4,7.7,No,High School,Low,No,Good,59.56,Pass
STU01581,Debra Bradley,19,Female,0.7,70.0,94.1,37.0,59.7,30,5.8,Yes,Graduate,Middle,No,Good,48.88,Fail
STU01582,David Mcdaniel,17,Male,5.2,66.8,73.7,32.2,39.3,4,8.1,No,Postgraduate,Middle,Yes,Poor,51.9,Pass
STU01583,Michael Woods,18,Female,2.1,92.9,33.8,45.1,99.9,4,6.6,Yes,Graduate,Middle,No,Excellent,57.74,Pass
STU01584,Lisa Joseph,17,Female,5.1,86.3,50.4,88.0,72.2,20,6.3,Yes,Graduate,High,No,Excellent,69.65,Pass
STU01585,Samuel Henry,22,Male,4.7,78.8,40.8,58.2,54.0,27,6.4,No,Diploma,Middle,No,Poor,52.89,Pass
STU01586,Corey Johnson,16,Female,7.6,64.7,57.0,85.1,68.2,7,7.3,No,Diploma,Low,Yes,Good,76.53,Pass
STU01587,Alexis Nelson,16,Male,0.9,69.9,47.6,100.0,51.6,11,9.3,No,Postgraduate,High,Yes,Average,48.47,Fail
STU01588,Patrick Mcneil,18,Female,4.6,92.0,87.4,41.2,53.8,21,6.0,Yes,Postgraduate,High,Yes,Good,67.07,Pass
STU01589,Andrea Ho,16,Female,0.8,79.9,85.6,56.7,81.8,17,7.8,Yes,High School,Middle,Yes,Average,56.52,Pass
STU01590,Dr. Katherine Nguyen,19,Male,5.8,92.7,74.6,31.3,45.1,22,4.4,Yes,Diploma,High,No,Average,54.86,Pass
STU01591,David Sullivan,15,Female,4.8,87.8,37.2,88.7,68.9,17,8.1,No,High School,High,Yes,Poor,70.33,Pass
STU01592,Nicolas James,17,Female,7.3,75.3,68.6,79.6,88.3,1,4.7,Yes,Diploma,Low,No,Excellent,73.68,Pass
STU01593,Logan Newton,16,Male,6.6,74.1,59.3,59.7,65.6,10,9.7,Yes,Diploma,Middle,Yes,Excellent,68.32,Pass
STU01594,Kelly Liu,16,Female,1.9,86.2,82.8,77.5,72.5,6,7.4,Yes,Diploma,High,No,Good,66.39,Pass
STU01595,Kelly Hayes,15,Female,7.0,91.1,37.9,89.4,59.0,27,5.5,Yes,Postgraduate,High,Yes,Excellent,64.27,Pass
STU01596,Amanda Forbes,15,Female,6.6,63.2,30.3,64.7,37.0,24,8.5,No,Graduate,Middle,Yes,Good,55.62,Pass
STU01597,Jennifer Moss,22,Female,2.6,72.2,35.7,50.1,84.7,30,4.9,No,Graduate,High,Yes,Good,56.1,Pass
STU01598,Kelli Mccoy,19,Female,5.6,90.6,37.1,47.6,92.6,20,8.3,No,High School,Low,No,Poor,67.79,Pass
STU01599,Eddie Sanders,20,Female,5.3,83.2,56.9,33.1,84.9,15,8.1,Yes,Diploma,Low,No,Good,68.55,Pass
STU01600,Ronald Murray,16,Female,3.0,64.7,86.7,85.8,66.0,10,4.8,Yes,Diploma,Low,Yes,Average,62.02,Pass
STU01601,Louis Brown,19,Female,2.1,82.8,55.0,88.6,96.5,10,8.8,No,High School,High,No,Average,75.85,Pass
STU01602,Brenda Gallegos,17,Female,3.1,58.4,32.2,57.0,93.2,5,5.4,Yes,Postgraduate,Low,Yes,Average,53.71,Pass
STU01603,Nathan Wilson,20,Female,2.0,98.5,31.6,85.0,52.5,20,4.2,No,Graduate,Low,No,Excellent,45.62,Fail
STU01604,Teresa Horton,19,Female,1.0,52.5,37.5,35.0,83.2,4,6.9,No,Graduate,High,No,Good,49.06,Fail
STU01605,Jason Hayes,22,Female,3.1,70.9,90.4,93.8,80.1,13,9.3,No,Postgraduate,Low,No,Poor,65.96,Pass
STU01606,Kevin Marquez,21,Female,5.1,81.2,61.3,58.0,99.0,20,8.9,Yes,Postgraduate,Middle,Yes,Average,63.25,Pass
STU01607,Jesse Wright,18,Female,3.8,86.4,47.5,37.0,54.7,9,6.4,No,High School,Middle,No,Excellent,58.32,Pass
STU01608,Susan Hogan,20,Male,1.1,58.7,87.8,72.6,96.5,25,10.0,Yes,Postgraduate,Middle,Yes,Poor,55.27,Pass
STU01609,Becky Wilson,18,Male,3.3,64.9,85.8,99.9,74.1,10,8.8,No,Postgraduate,Low,No,Excellent,65.86,Pass
STU01610,Jack Mills,18,Female,4.8,91.7,74.7,31.5,53.6,19,4.9,No,High School,Low,Yes,Good,63.23,Pass
STU01611,Richard Hunt,19,Female,2.2,95.3,32.4,45.4,51.7,14,7.7,No,High School,Middle,Yes,Poor,42.76,Fail
STU01612,Jamie James,20,Female,1.7,61.8,62.7,49.0,96.3,26,6.8,Yes,Diploma,High,No,Average,58.08,Pass
STU01613,Susan Cunningham,16,Female,0.9,86.5,51.4,75.7,49.6,7,7.4,No,Graduate,High,No,Poor,49.26,Fail
STU01614,Brittany Melton,17,Male,4.0,96.4,88.6,36.3,39.2,27,7.0,No,Graduate,Middle,Yes,Average,50.05,Pass
STU01615,Michael Barnes,20,Female,1.3,67.3,39.6,74.5,96.5,7,10.0,No,Graduate,Middle,Yes,Good,68.09,Pass
STU01616,Randy Griffin,19,Male,6.9,55.9,74.8,58.6,44.4,4,6.4,Yes,Postgraduate,Middle,No,Excellent,49.65,Fail
STU01617,Autumn Anderson,15,Male,1.1,84.8,46.4,51.8,38.5,29,9.2,No,High School,High,No,Poor,58.92,Pass
STU01618,Marcus King,20,Female,4.8,70.5,42.5,82.2,38.9,9,4.6,No,High School,High,Yes,Poor,51.67,Pass
STU01619,Scott Stephens,16,Male,5.8,60.4,49.9,63.3,61.5,25,8.3,Yes,Postgraduate,High,Yes,Poor,64.44,Pass
STU01620,Stephen Young,21,Female,5.9,64.6,51.0,60.7,51.5,14,9.9,No,Diploma,High,No,Poor,63.55,Pass
STU01621,Karen Ortiz,17,Female,6.6,58.2,30.4,33.0,47.1,14,4.7,No,High School,Middle,No,Poor,51.97,Pass
STU01622,Kyle Sanchez,21,Male,6.0,60.8,56.0,65.6,86.7,0,9.0,Yes,Graduate,Middle,Yes,Good,68.36,Pass
STU01623,Lisa Grant,18,Female,7.3,75.5,75.1,37.8,69.6,17,5.5,No,Diploma,High,No,Average,73.94,Pass
STU01624,Amber Hernandez,18,Male,2.4,52.6,30.7,31.6,30.6,6,4.7,No,Diploma,Low,Yes,Poor,28.79,Fail
STU01625,Amanda Nash,17,Female,2.3,61.1,94.1,51.4,38.9,30,7.3,Yes,Graduate,Middle,Yes,Average,50.84,Pass
STU01626,Sara Evans,18,Female,2.7,78.1,76.5,81.0,76.7,5,9.2,No,Graduate,Low,Yes,Good,71.82,Pass
STU01627,Amber Butler,15,Male,7.0,78.9,57.9,74.9,87.3,28,4.0,No,High School,Middle,Yes,Excellent,75.24,Pass
STU01628,Michael Carr,18,Female,2.2,73.8,38.6,57.7,42.4,1,6.2,No,Postgraduate,Middle,Yes,Average,46.5,Fail
STU01629,Linda Cobb,21,Male,3.3,99.7,94.7,38.0,80.8,2,4.3,Yes,High School,Low,Yes,Poor,65.94,Pass
STU01630,Jesse Riley,22,Female,2.3,75.8,67.0,45.5,83.0,23,5.9,No,Postgraduate,Low,Yes,Poor,55.72,Pass
STU01631,Anna Evans,20,Female,7.4,82.8,58.4,85.3,87.3,8,5.7,Yes,Postgraduate,Low,Yes,Excellent,78.41,Pass
STU01632,James Jones,21,Female,1.7,52.1,59.5,86.1,84.0,30,9.5,Yes,Graduate,Middle,No,Poor,57.26,Pass
STU01633,Joshua Carter,21,Female,4.5,55.0,68.3,84.5,36.5,7,5.0,Yes,Postgraduate,Middle,Yes,Good,53.44,Pass
STU01634,Michael Hill,20,Male,7.2,83.5,93.8,34.4,93.2,4,8.9,Yes,Diploma,High,Yes,Average,75.97,Pass
STU01635,Kelly Dominguez,17,Male,2.9,98.7,48.7,92.3,91.7,22,8.5,No,High School,Low,Yes,Good,66.27,Pass
STU01636,Ashley Blair,20,Female,4.5,67.8,81.5,83.1,93.7,26,4.1,Yes,Postgraduate,Low,Yes,Average,70.4,Pass
STU01637,Victoria Webb,17,Female,6.6,96.9,81.3,39.1,35.7,28,4.1,Yes,Diploma,Low,No,Average,65.11,Pass
STU01638,Taylor Andersen,19,Female,7.9,69.9,51.6,73.7,87.8,20,9.6,No,Graduate,High,No,Poor,79.41,Pass
STU01639,Lee Stewart,15,Female,6.5,71.3,71.3,89.9,64.3,0,5.3,No,High School,High,Yes,Excellent,66.4,Pass
STU01640,Whitney Gomez,15,Female,2.3,64.9,66.4,57.9,77.2,24,4.3,Yes,Diploma,Low,Yes,Good,56.64,Pass
STU01641,Justin Stone,18,Male,1.4,75.0,51.9,50.7,34.7,13,9.4,Yes,High School,Middle,No,Excellent,41.47,Fail
STU01642,Katherine White,22,Male,1.0,98.7,74.3,59.2,79.1,27,8.5,Yes,Graduate,Middle,No,Good,64.8,Pass
STU01643,Michelle Krause,17,Female,6.3,73.9,57.9,30.8,94.9,21,7.6,No,High School,Middle,No,Average,68.51,Pass
STU01644,Alexander Garrett,17,Male,6.7,61.5,36.4,98.6,50.7,16,9.2,Yes,Diploma,Low,Yes,Poor,58.41,Pass
STU01645,Ryan Marsh,21,Female,0.5,51.1,60.3,46.7,78.3,28,7.4,Yes,Diploma,Low,No,Average,41.69,Fail
STU01646,Mrs. Felicia Castro DDS,19,Female,6.4,70.8,36.1,63.9,36.4,22,4.8,No,Graduate,Low,No,Excellent,48.33,Fail
STU01647,Curtis Campbell,20,Male,2.3,93.0,90.1,87.8,53.4,18,5.6,Yes,Postgraduate,High,Yes,Average,72.62,Pass
STU01648,Elizabeth Hunter,17,Male,8.0,56.6,33.2,78.6,88.3,4,9.1,Yes,Diploma,Low,No,Good,71.24,Pass
STU01649,Aaron Jennings,15,Female,5.6,97.7,63.2,94.0,97.7,15,9.1,No,Diploma,High,No,Excellent,76.21,Pass
STU01650,Nathaniel Gilbert,18,Female,4.6,72.7,87.1,37.0,48.0,19,8.5,No,Postgraduate,Low,No,Good,53.07,Pass
STU01651,Christopher Rivera,20,Male,1.2,66.0,55.2,73.6,41.1,8,9.2,No,Postgraduate,High,No,Poor,52.98,Pass
STU01652,Michael Hendricks,20,Female,4.0,63.8,39.2,30.3,67.3,2,4.6,No,Postgraduate,High,Yes,Average,49.09,Fail
STU01653,Maria Olson,16,Male,3.4,79.5,47.9,42.3,84.2,14,9.7,Yes,High School,High,No,Average,58.4,Pass
STU01654,Stephanie Herrera,20,Female,7.5,65.8,72.5,35.6,47.0,14,8.6,No,High School,High,Yes,Excellent,61.79,Pass
STU01655,Richard Gutierrez,18,Male,4.5,96.4,57.9,90.9,61.4,26,9.9,Yes,High School,Low,No,Average,67.26,Pass
STU01656,Sandy Evans,15,Female,7.1,92.4,43.7,73.7,35.1,17,9.0,Yes,Diploma,Middle,Yes,Poor,62.27,Pass
STU01657,Emily Herrera,17,Male,1.8,53.5,56.0,70.4,89.8,26,9.8,Yes,Postgraduate,Low,No,Poor,54.36,Pass
STU01658,Michael Marsh,21,Female,6.1,78.3,59.1,51.6,65.2,12,6.0,No,Postgraduate,Middle,No,Average,61.33,Pass
STU01659,Heather Montes,19,Male,6.2,77.2,87.0,68.0,46.7,2,9.1,No,Graduate,Low,Yes,Poor,59.3,Pass
STU01660,Andre Terrell,21,Male,5.2,67.9,84.9,61.7,80.9,4,4.6,No,Diploma,Low,No,Average,68.82,Pass
STU01661,Sarah Duncan,21,Female,3.5,99.2,82.5,41.2,49.4,18,6.0,Yes,Diploma,Middle,Yes,Average,64.72,Pass
STU01662,Kurt Hancock,19,Male,6.1,75.5,82.7,60.6,38.7,28,7.4,No,High School,High,Yes,Average,62.24,Pass
STU01663,Michele Edwards,22,Male,7.6,89.6,67.6,75.3,95.1,21,6.6,No,Graduate,Low,Yes,Good,76.56,Pass
STU01664,Jason Crawford,16,Female,4.0,70.8,39.7,97.0,58.3,7,9.3,No,Graduate,Low,No,Average,64.84,Pass
STU01665,Jesse Sampson,16,Female,1.9,77.4,31.6,83.5,70.7,28,7.8,No,High School,Middle,No,Poor,54.08,Pass
STU01666,Eric Rodriguez,22,Female,5.2,78.3,69.8,68.4,49.1,18,5.5,Yes,Postgraduate,Middle,Yes,Poor,57.34,Pass
STU01667,Paula Gentry,16,Female,1.5,92.5,70.1,43.1,42.4,7,9.2,No,Postgraduate,Middle,Yes,Poor,56.84,Pass
STU01668,Alexander Webb,19,Female,3.6,63.1,93.7,85.8,51.1,28,9.1,No,Graduate,Middle,No,Good,66.98,Pass
STU01669,Cheryl Mclean,16,Male,6.2,64.9,57.7,43.0,37.8,3,8.3,No,Diploma,High,No,Average,56.93,Pass
STU01670,Kelly Rowe,21,Female,8.0,53.8,60.7,86.1,85.2,3,8.6,No,Postgraduate,High,No,Poor,70.24,Pass
STU01671,Shane Short,16,Male,3.1,72.7,68.7,98.2,52.9,18,9.5,Yes,High School,Low,No,Excellent,59.41,Pass
STU01672,Megan Anderson,21,Male,5.1,63.6,47.8,37.9,38.0,11,6.1,No,Postgraduate,High,Yes,Excellent,56.63,Pass
STU01673,Julia Reeves,21,Male,6.2,80.4,36.7,89.7,72.1,6,9.8,Yes,High School,High,No,Poor,64.06,Pass
STU01674,April Randolph,19,Female,4.1,82.4,31.8,31.0,39.1,25,5.5,Yes,Postgraduate,Middle,No,Good,46.2,Fail
STU01675,Linda Miller,20,Male,3.7,74.4,39.0,77.1,71.7,8,5.8,No,High School,Middle,No,Good,53.85,Pass
STU01676,Angel Meyer,17,Male,3.3,81.4,65.6,46.2,54.1,17,7.7,No,Postgraduate,Middle,Yes,Excellent,53.22,Pass
STU01677,Emily Lane,16,Female,7.0,87.7,66.0,55.4,55.6,11,9.3,Yes,Graduate,Middle,Yes,Poor,72.59,Pass
STU01678,Steven Flores,21,Female,0.8,80.3,61.5,37.4,49.5,19,9.3,No,Diploma,Middle,Yes,Good,53.2,Pass
STU01679,Donald Flores,22,Female,4.6,70.7,34.7,80.0,79.2,10,7.7,No,Graduate,Low,Yes,Good,48.61,Fail
STU01680,Bruce Hernandez,15,Male,4.9,61.7,91.2,71.2,51.8,6,6.7,No,Graduate,High,Yes,Excellent,63.76,Pass
STU01681,Adrian Dean,16,Male,6.5,58.1,49.0,77.6,52.1,2,8.8,Yes,Postgraduate,Middle,Yes,Good,61.83,Pass
STU01682,Christine Bell,20,Female,1.0,50.6,88.4,70.7,54.6,4,5.4,No,High School,High,No,Poor,49.26,Fail
STU01683,Charles Bush,20,Male,5.1,75.5,94.5,98.8,74.5,14,6.7,Yes,Diploma,High,Yes,Good,84.25,Pass
STU01684,David Jones,15,Female,1.3,66.4,34.9,35.1,43.7,7,6.9,Yes,Diploma,Low,No,Average,39.41,Fail
STU01685,Gina Wallace,17,Male,6.4,74.3,51.8,35.8,68.5,9,5.6,Yes,High School,High,No,Excellent,60.35,Pass
STU01686,John Lowe,21,Male,1.3,60.6,60.8,97.8,84.0,13,9.4,Yes,Postgraduate,High,No,Good,63.07,Pass
STU01687,Anthony Simmons,20,Female,3.0,99.6,36.7,33.7,89.9,13,9.6,No,Graduate,Low,No,Good,67.7,Pass
STU01688,Kyle Watkins,16,Male,6.3,76.8,81.8,71.7,52.0,10,7.4,Yes,Diploma,Low,No,Good,69.28,Pass
STU01689,Melissa Jensen,16,Male,4.5,91.2,93.8,58.8,83.4,23,4.6,No,Diploma,Middle,No,Poor,67.46,Pass
STU01690,Robert Marquez,22,Female,0.8,68.2,69.7,38.3,94.7,15,4.5,No,High School,Low,Yes,Excellent,62.14,Pass
STU01691,Kim Beltran,15,Female,7.5,85.4,51.4,57.4,81.9,15,7.6,Yes,High School,High,No,Poor,65.11,Pass
STU01692,Julie Anderson,19,Female,4.2,99.5,43.9,59.2,50.4,30,8.6,Yes,Postgraduate,Middle,Yes,Excellent,65.09,Pass
STU01693,Tamara Mcdonald,18,Female,6.2,64.6,35.3,30.8,59.9,9,6.5,No,Graduate,Low,No,Average,51.69,Pass
STU01694,Michael Mckinney,20,Male,2.4,94.6,61.9,71.9,36.7,19,6.3,Yes,Graduate,High,Yes,Poor,55.38,Pass
STU01695,David Walker,16,Female,7.6,79.5,52.4,73.8,93.7,23,5.6,Yes,Diploma,Low,Yes,Average,75.94,Pass
STU01696,Lisa Durham,15,Female,1.8,86.0,69.9,77.6,54.6,23,5.9,Yes,Graduate,Low,Yes,Excellent,57.03,Pass
STU01697,Michael Ortega,21,Female,5.6,60.8,57.3,43.2,30.6,12,9.8,No,Diploma,Middle,Yes,Poor,51.36,Pass
STU01698,Sonya Chavez,19,Female,1.6,79.4,43.1,85.3,84.9,5,4.7,No,Graduate,Middle,Yes,Average,60.88,Pass
STU01699,John Bell,19,Female,7.3,59.7,69.8,99.0,91.8,6,9.7,Yes,Graduate,High,Yes,Good,74.39,Pass
STU01700,Christopher Tate,22,Male,1.9,75.0,81.6,40.5,76.2,16,5.9,No,High School,High,Yes,Poor,55.78,Pass
STU01701,Bethany Garcia,20,Male,3.1,83.1,60.4,86.8,40.9,5,8.7,Yes,High School,Low,No,Excellent,63.2,Pass
STU01702,Rebecca Nguyen,19,Male,2.4,66.4,64.9,44.8,86.8,25,8.6,No,High School,Low,Yes,Excellent,59.77,Pass
STU01703,Rebecca Patel,17,Male,1.6,73.2,80.4,53.6,74.3,11,4.3,Yes,Diploma,High,No,Average,51.99,Pass
STU01704,Jason Oliver,22,Male,6.7,67.8,48.3,88.9,33.5,16,6.4,Yes,Postgraduate,Low,Yes,Poor,58.36,Pass
STU01705,Valerie Reyes,19,Female,3.3,64.2,89.3,82.6,34.5,3,8.3,No,Diploma,High,Yes,Poor,61.95,Pass
STU01706,Robert Garza,22,Male,2.8,78.7,62.5,64.3,61.9,19,5.2,Yes,Graduate,Middle,No,Excellent,56.5,Pass
STU01707,Jessica Cobb,16,Male,6.2,72.6,92.3,48.3,77.8,10,9.6,Yes,Graduate,Low,Yes,Excellent,74.67,Pass
STU01708,Cynthia Bates,18,Female,6.7,68.0,69.0,40.9,67.5,1,5.4,No,High School,Middle,Yes,Poor,63.96,Pass
STU01709,Timothy Andrews,20,Female,6.1,76.4,56.7,48.8,99.9,24,4.4,Yes,Graduate,Middle,Yes,Excellent,71.43,Pass
STU01710,Mr. Joel Peters,18,Female,2.1,98.6,39.3,37.1,37.9,30,7.4,No,Postgraduate,Middle,No,Poor,46.97,Fail
STU01711,Casey Blanchard,22,Male,6.4,68.3,93.6,60.4,40.5,15,6.8,Yes,Graduate,High,No,Excellent,65.45,Pass
STU01712,Brian Cervantes,19,Female,3.9,79.7,47.4,75.2,99.0,25,4.3,No,High School,High,Yes,Average,68.56,Pass
STU01713,Jamie Snyder,16,Female,7.1,78.1,46.4,96.8,63.8,28,6.0,Yes,Graduate,High,Yes,Poor,63.75,Pass
STU01714,Ann Montoya,15,Female,6.7,80.7,89.4,46.2,38.5,12,4.0,Yes,Graduate,High,Yes,Excellent,55.96,Pass
STU01715,Stephanie Fields,17,Female,4.3,99.9,75.2,51.6,91.4,21,8.7,Yes,Diploma,Low,No,Average,68.13,Pass
STU01716,Charles Hernandez,18,Female,2.2,73.4,57.6,50.2,42.1,2,8.6,Yes,Postgraduate,Low,Yes,Poor,47.3,Fail
STU01717,Jean Lane,21,Male,7.9,88.9,49.2,47.1,45.2,28,4.8,Yes,Graduate,Low,Yes,Good,68.77,Pass
STU01718,Michael Stewart,17,Female,5.8,84.0,49.0,53.1,77.7,26,6.1,Yes,Graduate,Middle,Yes,Average,68.14,Pass
STU01719,Susan Torres,17,Male,2.1,68.7,47.7,36.2,88.1,19,9.1,No,Postgraduate,High,No,Average,50.8,Pass
STU01720,Jessica Haas,19,Female,3.5,53.2,44.7,85.5,86.3,22,5.2,Yes,Postgraduate,Middle,No,Good,62.14,Pass
STU01721,Brandon Smith,18,Female,3.0,56.7,34.8,99.5,75.9,8,7.3,Yes,Postgraduate,Low,No,Average,61.96,Pass
STU01722,Mrs. Bethany Phillips,18,Male,6.6,50.8,42.1,75.8,56.3,20,9.9,Yes,High School,Low,No,Poor,59.61,Pass
STU01723,Joshua Brown,17,Female,5.5,97.8,43.1,90.5,52.5,5,9.9,No,Postgraduate,Middle,No,Good,67.78,Pass
STU01724,Samantha Howard,19,Male,6.4,71.6,60.4,99.0,59.8,24,7.6,Yes,Postgraduate,Low,Yes,Excellent,60.44,Pass
STU01725,Sharon Young,18,Male,0.9,92.1,72.1,58.3,31.1,16,7.6,Yes,Postgraduate,Middle,Yes,Poor,43.65,Fail
STU01726,Jennifer Flores,18,Male,1.9,82.7,33.5,51.9,40.5,26,7.5,No,Diploma,Low,Yes,Average,46.43,Fail
STU01727,James Gardner,21,Female,5.5,86.1,46.6,36.2,35.5,14,6.6,Yes,Postgraduate,High,Yes,Average,48.51,Fail
STU01728,Karen Lopez,18,Female,5.0,84.0,71.8,90.3,64.0,1,4.8,Yes,Diploma,Middle,No,Average,67.44,Pass
STU01729,Tim Larsen,20,Female,2.7,83.1,69.9,67.2,77.8,6,7.8,Yes,Postgraduate,Middle,Yes,Good,66.09,Pass
STU01730,Zachary Santiago,16,Male,6.3,62.4,74.1,93.2,57.0,5,8.7,Yes,Graduate,High,No,Poor,72.33,Pass
STU01731,Benjamin Smith,22,Male,5.9,53.0,67.8,39.1,97.7,26,8.9,Yes,Graduate,High,Yes,Average,55.38,Pass
STU01732,Katelyn Kim,20,Male,0.8,77.1,55.2,37.1,86.1,3,9.5,Yes,Postgraduate,High,Yes,Average,61.97,Pass
STU01733,Angela May MD,20,Female,6.2,91.1,44.1,48.5,44.6,1,8.6,Yes,High School,High,Yes,Poor,59.38,Pass
STU01734,Richard Munoz,21,Male,7.1,81.9,55.2,59.8,35.3,18,4.2,Yes,Postgraduate,High,Yes,Average,56.69,Pass
STU01735,Christopher Hicks,15,Male,5.7,71.9,65.9,69.0,49.4,0,6.9,No,Postgraduate,Middle,No,Excellent,49.39,Fail
STU01736,Joanna Kelly,18,Female,6.7,72.6,69.2,92.7,90.6,19,9.3,No,Graduate,High,No,Excellent,73.7,Pass
STU01737,Larry Lane,17,Female,2.5,51.7,47.0,49.5,93.7,17,7.9,No,Diploma,Low,No,Average,57.14,Pass
STU01738,Cynthia Shaw,21,Female,6.0,93.0,91.1,44.1,51.7,28,5.4,Yes,Graduate,High,Yes,Excellent,57.78,Pass
STU01739,Joshua Richardson,19,Male,3.2,95.7,67.4,81.7,64.3,1,4.2,No,Postgraduate,High,Yes,Excellent,65.9,Pass
STU01740,Laura Bush,17,Female,5.9,60.8,76.9,86.7,58.8,6,8.5,No,Postgraduate,Middle,No,Excellent,62.47,Pass
STU01741,John Vaughn,22,Female,3.5,83.9,79.7,99.4,54.2,14,6.5,No,Graduate,Middle,No,Average,63.38,Pass
STU01742,Nicholas Terrell,18,Male,5.7,95.9,55.6,42.6,50.0,6,6.7,Yes,Diploma,High,No,Excellent,57.33,Pass
STU01743,Dr. Julie Miller,21,Female,2.7,61.7,77.8,30.5,67.7,20,8.8,No,Diploma,Middle,Yes,Excellent,56.28,Pass
STU01744,Ann Kennedy,16,Female,5.5,82.8,59.0,54.3,88.5,9,8.6,No,High School,Low,Yes,Good,61.9,Pass
STU01745,Toni Miller,17,Female,2.9,55.2,34.7,36.6,70.8,29,4.3,No,Diploma,Middle,Yes,Average,50.11,Pass
STU01746,Rebecca Edwards,21,Male,2.7,88.2,78.5,47.2,81.0,8,8.5,Yes,Postgraduate,High,Yes,Average,61.4,Pass
STU01747,Greg Osborne,21,Female,3.5,60.5,63.9,94.5,74.8,14,5.0,Yes,Diploma,Middle,No,Poor,58.65,Pass
STU01748,Jose Harrison,16,Male,4.9,86.7,63.5,87.0,80.6,2,7.7,Yes,High School,Low,No,Poor,81.88,Pass
STU01749,Jennifer Yu,20,Female,1.6,91.8,90.8,39.6,64.2,6,5.6,Yes,Diploma,Middle,Yes,Good,63.29,Pass
STU01750,Donna Johnson,20,Female,1.6,93.9,41.8,85.8,62.0,15,6.0,No,Diploma,Middle,No,Poor,62.65,Pass
STU01751,Nicole Acosta,17,Male,1.7,58.4,73.0,68.5,38.5,5,4.7,No,High School,High,No,Average,48.19,Fail
STU01752,Amy Kennedy,22,Female,5.8,52.9,66.4,35.9,93.3,22,9.4,Yes,High School,High,Yes,Excellent,61.54,Pass
STU01753,Anthony Mooney,16,Male,5.7,96.3,82.7,88.0,69.9,4,5.8,No,Postgraduate,Middle,No,Average,72.17,Pass
STU01754,Lori Mitchell,15,Female,5.2,58.6,46.8,62.8,46.3,29,7.5,No,Diploma,Middle,Yes,Excellent,44.86,Fail
STU01755,Jonathan York,20,Female,7.4,87.4,73.3,70.8,64.2,2,5.1,No,High School,Low,Yes,Good,69.99,Pass
STU01756,Casey Campbell,21,Male,1.2,87.5,41.4,56.0,32.0,3,4.8,Yes,Graduate,Middle,Yes,Good,46.63,Fail
STU01757,Alexis Rodriguez,22,Male,1.8,52.7,72.7,88.6,56.1,19,9.2,No,Diploma,Middle,No,Average,51.55,Pass
STU01758,Kevin Hernandez,19,Male,1.6,81.0,57.3,72.9,83.3,15,7.3,No,Diploma,Low,Yes,Good,56.31,Pass
STU01759,Robert Green,19,Female,5.2,96.8,49.4,55.1,80.2,13,7.7,No,High School,Middle,No,Poor,65.19,Pass
STU01760,Kari Lloyd,20,Male,4.0,71.0,41.6,94.7,83.4,4,6.9,Yes,High School,Middle,No,Average,60.35,Pass
STU01761,Grace Miller,22,Female,5.6,94.9,38.9,47.5,68.0,12,8.8,Yes,Graduate,High,No,Good,52.13,Pass
STU01762,Timothy Moore,20,Female,2.7,58.7,81.5,96.9,59.0,13,9.7,No,Diploma,Middle,No,Average,58.49,Pass
STU01763,Wyatt Townsend II,22,Female,6.7,74.1,73.8,60.4,69.1,8,4.3,Yes,Postgraduate,High,Yes,Good,64.73,Pass
STU01764,Mark Clark,16,Male,6.6,91.2,45.4,52.7,63.7,25,7.6,Yes,High School,Low,Yes,Average,63.17,Pass
STU01765,Haley May,20,Male,2.7,79.6,49.4,33.9,30.2,4,4.6,Yes,High School,Low,Yes,Poor,45.29,Fail
STU01766,Audrey Jackson,20,Male,1.6,77.6,39.4,72.8,95.3,4,5.2,No,Graduate,High,Yes,Poor,47.76,Fail
STU01767,Eric Reese,15,Male,6.2,51.2,54.4,37.8,54.7,6,5.0,Yes,Diploma,Low,Yes,Poor,45.3,Fail
STU01768,Kim James,21,Male,2.8,82.8,89.7,58.0,43.5,6,5.6,Yes,High School,Middle,No,Average,47.87,Fail
STU01769,Karen Thomas,22,Male,6.9,78.6,59.6,40.5,61.5,22,5.7,No,Diploma,Middle,No,Poor,59.87,Pass
STU01770,Alexandra Ho,22,Male,2.2,70.5,87.0,66.9,53.4,16,5.2,Yes,High School,Low,Yes,Good,51.39,Pass
STU01771,Michael Nixon,17,Male,6.5,81.2,60.4,45.2,53.4,22,9.8,Yes,High School,Low,Yes,Good,47.93,Fail
STU01772,Amanda Hardin,18,Male,4.4,88.9,52.1,42.5,70.9,12,8.0,No,Postgraduate,High,No,Average,63.25,Pass
STU01773,Tina Reynolds,21,Female,5.8,94.1,54.1,35.3,97.1,26,6.6,No,Diploma,High,Yes,Good,75.62,Pass
STU01774,Shannon Rogers,19,Male,4.6,60.3,79.1,86.3,68.7,2,6.9,Yes,High School,Middle,No,Poor,71.51,Pass
STU01775,Brett Pena,21,Male,1.4,54.2,52.1,51.8,96.8,21,8.7,No,High School,High,Yes,Good,56.67,Pass
STU01776,Raymond Curry,20,Male,1.8,98.9,54.4,37.5,64.6,18,9.2,No,Graduate,Middle,No,Excellent,66.47,Pass
STU01777,Leah Lee,20,Female,7.2,50.5,87.6,49.0,32.7,9,9.1,No,Graduate,High,Yes,Average,57.28,Pass
STU01778,Michael White,17,Male,4.8,90.7,81.1,92.3,68.7,22,9.8,No,Postgraduate,Middle,No,Good,78.18,Pass
STU01779,Megan Decker,21,Female,8.0,55.8,85.2,65.0,57.1,27,7.7,No,Postgraduate,Low,Yes,Excellent,64.17,Pass
STU01780,Brent Garcia,21,Male,7.0,60.7,57.7,95.8,60.0,27,6.2,Yes,Graduate,Middle,Yes,Excellent,60.25,Pass
STU01781,Daniel Campbell,20,Male,3.8,76.0,71.1,86.0,61.6,13,8.9,Yes,Diploma,High,Yes,Average,54.13,Pass
STU01782,Alexander Davis,16,Male,5.4,85.9,66.3,34.0,41.9,12,5.7,No,Diploma,Middle,No,Average,56.63,Pass
STU01783,Mary Houston,15,Female,2.6,83.7,31.2,82.9,48.6,12,5.9,Yes,Graduate,High,No,Average,45.18,Fail
STU01784,Margaret Erickson,18,Female,7.1,54.3,58.9,89.5,73.1,19,5.8,No,Postgraduate,Middle,Yes,Excellent,66.44,Pass
STU01785,Scott Anderson,15,Female,3.7,85.3,93.3,92.5,54.0,30,10.0,Yes,High School,Middle,No,Good,64.97,Pass
STU01786,Stephanie Knight,17,Male,1.0,61.9,57.7,81.1,73.7,16,5.4,No,Diploma,Middle,No,Poor,57.18,Pass
STU01787,Stephanie Dominguez,19,Male,4.3,96.3,83.0,52.6,98.8,10,8.3,No,Postgraduate,High,Yes,Average,78.15,Pass
STU01788,John Mayer,19,Female,1.9,75.6,36.1,94.5,54.1,23,9.4,No,Diploma,Middle,No,Poor,50.36,Pass
STU01789,Tammy Hill,15,Female,7.6,50.3,60.2,31.7,93.6,11,7.1,No,Diploma,Low,No,Average,66.9,Pass
STU01790,Steven Carrillo,20,Female,5.7,93.4,53.8,33.0,98.2,25,4.1,No,Graduate,High,No,Average,65.71,Pass
STU01791,Christopher Jones,17,Female,7.6,68.4,30.7,78.2,98.6,25,9.8,Yes,Diploma,Low,No,Excellent,69.48,Pass
STU01792,Janet Cook,15,Female,4.7,81.9,78.1,42.7,97.1,16,7.8,Yes,Postgraduate,Low,No,Poor,67.94,Pass
STU01793,Tyler Baker,22,Female,6.9,77.0,56.9,98.4,70.7,19,9.2,No,High School,Middle,No,Average,72.61,Pass
STU01794,John Mcfarland,19,Male,4.6,50.2,32.6,44.1,43.0,11,5.5,Yes,Postgraduate,Low,Yes,Poor,44.14,Fail
STU01795,Cassandra Vasquez,20,Female,2.8,68.0,57.3,36.9,33.0,26,8.0,No,Diploma,Middle,No,Excellent,30.85,Fail
STU01796,Randy Robinson,20,Male,5.3,91.4,57.8,74.9,96.8,26,9.0,Yes,High School,Middle,Yes,Average,82.1,Pass
STU01797,Susan Baldwin,19,Male,3.7,82.2,41.5,69.2,98.7,25,7.1,No,Postgraduate,High,Yes,Good,64.93,Pass
STU01798,Benjamin Duncan,19,Male,8.0,79.0,32.7,71.1,49.2,4,4.2,No,High School,Low,No,Poor,63.94,Pass
STU01799,Jeremy Mosley,20,Female,6.7,63.8,81.8,50.2,43.6,24,9.8,Yes,Postgraduate,High,No,Average,64.64,Pass
STU01800,Martin Fitzpatrick,22,Female,5.1,78.0,89.5,77.2,58.3,3,9.2,No,Postgraduate,Middle,Yes,Excellent,60.7,Pass
STU01801,Deborah Graves,19,Male,1.9,77.2,91.8,73.8,87.2,18,7.9,Yes,Graduate,Low,Yes,Poor,63.92,Pass
STU01802,Laura Robertson,20,Female,4.1,85.1,44.8,30.3,54.0,11,9.8,Yes,Graduate,High,No,Poor,50.61,Pass
STU01803,Katherine Graham,21,Female,5.7,70.1,42.5,54.9,41.9,12,4.6,Yes,Graduate,High,Yes,Good,48.64,Fail
STU01804,Priscilla Floyd,20,Male,2.0,65.1,43.1,84.2,79.9,28,7.8,Yes,Diploma,Middle,Yes,Poor,46.93,Fail
STU01805,April Finley,17,Male,3.4,95.5,93.0,42.2,45.6,3,7.2,Yes,Diploma,Low,No,Good,59.79,Pass
STU01806,Karen Bradley,20,Male,4.9,76.1,51.5,68.0,97.1,13,5.2,No,High School,Middle,No,Poor,63.61,Pass
STU01807,Heather Maldonado,21,Female,5.4,52.2,34.3,68.6,37.3,22,4.1,Yes,High School,Low,No,Average,46.4,Fail
STU01808,Mark Benjamin,16,Female,5.8,60.1,73.4,42.8,72.9,7,6.5,Yes,High School,High,Yes,Poor,54.89,Pass
STU01809,Joseph Woodward,18,Female,5.4,99.8,91.0,30.3,92.0,1,4.4,Yes,Diploma,Low,Yes,Average,69.51,Pass
STU01810,Joe Miranda,20,Female,1.3,86.3,91.4,72.8,80.1,12,8.6,No,High School,High,No,Excellent,66.33,Pass
STU01811,Cassandra Williams,15,Female,2.5,52.3,30.1,54.5,46.9,17,4.4,Yes,High School,Low,Yes,Average,39.2,Fail
STU01812,Connor Dominguez,18,Female,7.4,57.0,64.9,71.5,68.0,0,4.6,No,High School,High,No,Average,64.3,Pass
STU01813,Lydia Howard,21,Male,2.9,52.6,55.7,43.2,69.3,4,8.2,Yes,Graduate,Middle,No,Excellent,39.36,Fail
STU01814,Mark Moss,17,Male,3.4,92.1,44.3,81.4,83.0,24,6.5,No,Graduate,Low,No,Good,71.33,Pass
STU01815,Corey Cortez,21,Male,2.7,73.5,36.1,33.2,37.8,20,5.1,No,Postgraduate,Low,No,Excellent,46.15,Fail
STU01816,Katherine Brown,18,Male,2.3,96.8,92.1,97.1,88.6,3,6.2,Yes,Postgraduate,Low,Yes,Average,77.07,Pass
STU01817,Elizabeth Ferguson,19,Male,1.0,78.4,66.3,89.5,99.7,28,7.0,No,Graduate,Middle,Yes,Average,61.2,Pass
STU01818,Joann Forbes,19,Male,0.5,75.5,66.1,87.7,65.3,16,9.5,Yes,Graduate,Low,Yes,Average,55.94,Pass
STU01819,Anthony French,20,Male,5.2,92.0,39.6,89.9,77.3,15,5.0,No,Graduate,Middle,No,Average,67.7,Pass
STU01820,Bruce Roman,22,Female,2.9,83.3,84.6,55.2,59.9,17,9.9,No,Diploma,Low,Yes,Poor,58.78,Pass
STU01821,Judy Gregory,15,Male,6.4,94.9,58.5,46.4,58.8,27,8.3,Yes,Graduate,Low,No,Excellent,61.27,Pass
STU01822,Brittany Riley,21,Male,0.8,71.6,83.8,31.7,77.3,3,9.6,Yes,Graduate,Low,Yes,Excellent,54.26,Pass
STU01823,Amanda Thomas,20,Male,2.3,84.7,93.4,97.4,46.4,8,4.6,No,High School,Middle,Yes,Poor,65.25,Pass
STU01824,Kaitlin Hardin,19,Male,5.9,83.7,51.8,41.9,70.7,8,6.9,No,Diploma,Low,Yes,Excellent,58.22,Pass
STU01825,Michael Anderson,17,Male,6.0,72.1,52.0,50.5,44.8,3,5.6,Yes,Diploma,Middle,No,Good,53.41,Pass
STU01826,Anthony Parker,15,Female,0.8,59.3,78.5,52.8,76.8,2,8.3,Yes,Diploma,Low,No,Excellent,52.66,Pass
STU01827,Joy Jackson,15,Male,4.9,97.9,31.4,81.7,97.1,15,9.2,No,Postgraduate,Middle,Yes,Poor,70.62,Pass
STU01828,Sabrina Rodriguez,15,Male,1.8,80.1,76.3,52.2,67.8,30,8.1,No,Graduate,High,No,Average,51.9,Pass
STU01829,Robert Walker PhD,19,Male,3.7,92.7,80.2,34.5,73.5,21,5.4,No,Diploma,Low,No,Poor,64.5,Pass
STU01830,Robert Hendrix,15,Female,7.1,70.2,48.9,46.4,67.3,17,4.7,No,Diploma,High,Yes,Good,59.48,Pass
STU01831,Erika Daugherty,20,Male,4.6,50.1,51.1,45.4,98.0,19,8.4,No,Postgraduate,Middle,Yes,Good,56.39,Pass
STU01832,Brenda Copeland,20,Male,4.4,60.7,64.9,88.5,73.1,10,7.8,No,Postgraduate,Low,No,Good,63.27,Pass
STU01833,Pamela Watkins,22,Female,4.6,96.4,90.6,65.9,51.4,24,6.8,No,Diploma,High,No,Excellent,67.69,Pass
STU01834,Bryan Thomas,20,Female,4.3,55.2,42.8,63.6,92.1,2,7.4,No,Diploma,Middle,No,Excellent,55.93,Pass
STU01835,Michael Tran,22,Male,5.6,67.0,67.1,61.3,76.1,28,4.3,Yes,Graduate,High,Yes,Good,52.07,Pass
STU01836,Timothy Williams,17,Male,2.9,98.0,41.9,51.8,65.7,26,9.2,Yes,Postgraduate,Low,No,Poor,57.21,Pass
STU01837,Ryan Salazar,15,Male,3.6,87.2,85.7,51.7,57.5,18,6.1,Yes,Graduate,High,Yes,Average,65.91,Pass
STU01838,Alexis Tucker,20,Female,4.7,71.8,65.1,43.8,60.2,3,7.0,No,Graduate,High,No,Excellent,51.9,Pass
STU01839,Christopher Davis,18,Female,7.3,63.0,86.4,75.1,31.4,23,8.3,No,High School,Low,No,Average,58.28,Pass
STU01840,Stacie Butler,18,Male,2.4,69.1,53.2,56.1,52.3,28,7.7,Yes,Postgraduate,Low,Yes,Good,52.4,Pass
STU01841,Patricia Schwartz,18,Female,1.7,92.3,82.8,63.4,89.7,9,5.5,Yes,High School,Low,Yes,Poor,68.04,Pass
STU01842,Mark Mills,15,Female,3.9,78.4,88.5,97.9,74.4,3,8.6,Yes,Diploma,High,Yes,Poor,72.79,Pass
STU01843,Todd Bishop,19,Female,1.1,58.0,77.7,60.2,61.2,30,5.9,Yes,Postgraduate,Middle,No,Poor,43.56,Fail
STU01844,Christopher Porter,19,Female,5.2,58.7,34.1,53.1,46.2,12,9.3,No,Diploma,Middle,No,Excellent,51.63,Pass
STU01845,Lori Patton,15,Female,0.9,58.8,65.7,63.7,33.2,1,4.0,No,Graduate,Middle,Yes,Good,40.62,Fail
STU01846,Aaron Young,22,Female,2.5,67.2,72.2,91.8,42.9,24,9.0,Yes,Postgraduate,High,No,Excellent,44.46,Fail
STU01847,Joseph Davis,15,Female,1.4,60.7,32.4,39.9,94.2,1,6.8,No,High School,Middle,No,Poor,54.14,Pass
STU01848,Philip Fernandez,16,Male,7.5,61.0,84.4,78.3,90.9,23,8.8,Yes,Postgraduate,Middle,No,Average,77.99,Pass
STU01849,Randy Hopkins,22,Male,3.1,88.7,47.1,53.0,37.6,10,9.6,No,Postgraduate,Low,No,Poor,52.68,Pass
STU01850,Cory Hogan,15,Male,3.4,98.0,51.8,84.5,89.9,18,6.6,Yes,Postgraduate,Low,Yes,Excellent,61.13,Pass
STU01851,Tracy Wells,19,Female,3.3,87.4,89.3,82.8,45.9,25,9.3,Yes,Graduate,High,Yes,Excellent,69.51,Pass
STU01852,Michael Williams,17,Female,6.7,59.4,81.0,71.7,92.5,9,5.0,Yes,High School,Middle,No,Excellent,62.62,Pass
STU01853,Dominique Hamilton,16,Male,3.7,91.6,31.3,37.9,99.3,30,5.7,Yes,Diploma,Middle,No,Average,66.81,Pass
STU01854,Robert Chang,15,Female,5.4,79.1,64.4,89.0,46.4,24,6.7,Yes,Postgraduate,Low,No,Average,57.93,Pass
STU01855,Patrick Buckley,18,Female,1.7,79.8,46.3,53.4,63.0,27,4.2,No,Diploma,High,No,Poor,50.62,Pass
STU01856,Richard Washington,16,Male,3.7,93.2,75.2,30.6,73.2,4,4.6,Yes,High School,Middle,No,Good,58.64,Pass
STU01857,Steven Griffith,21,Male,6.4,99.6,64.5,77.8,46.6,22,6.6,No,High School,Middle,No,Poor,64.92,Pass
STU01858,Erika Gonzalez,19,Female,2.5,72.3,76.3,56.3,94.9,17,4.6,No,High School,Low,Yes,Good,64.54,Pass
STU01859,Erika Maxwell,20,Female,3.3,85.4,44.7,75.9,41.5,12,4.3,Yes,Diploma,Low,Yes,Average,59.7,Pass
STU01860,Brent Rojas,16,Male,3.0,79.6,62.2,96.2,82.3,21,8.4,Yes,Postgraduate,High,No,Good,69.21,Pass
STU01861,Jaime Walker,22,Male,0.8,77.5,60.4,94.9,48.0,25,5.6,Yes,Postgraduate,Low,Yes,Average,45.21,Fail
STU01862,John Zamora,18,Male,1.5,92.9,66.3,90.3,88.2,9,5.7,Yes,Postgraduate,Low,No,Poor,66.33,Pass
STU01863,Timothy Gibson,15,Male,4.6,54.2,89.5,58.3,57.6,16,5.8,No,High School,Middle,Yes,Good,49.14,Fail
STU01864,Chad Cortez,18,Female,3.3,90.0,84.2,51.3,62.8,25,9.2,Yes,Diploma,High,No,Excellent,61.01,Pass
STU01865,Vanessa Harris,22,Male,0.9,94.5,44.2,77.5,70.8,3,7.3,Yes,Postgraduate,High,Yes,Average,62.5,Pass
STU01866,Michael Brown,17,Male,6.6,60.8,82.2,58.0,43.2,27,8.6,Yes,Postgraduate,High,Yes,Average,47.54,Fail
STU01867,Samuel Ellis,18,Female,1.2,75.7,34.2,54.9,72.1,26,7.3,No,Diploma,Middle,No,Poor,42.67,Fail
STU01868,Greg Tanner,21,Male,2.2,72.8,92.0,89.5,40.2,27,4.2,No,Postgraduate,Low,Yes,Good,45.74,Fail
STU01869,Rachel Little,21,Female,7.5,76.3,65.0,84.7,52.0,19,6.9,Yes,Diploma,Middle,No,Average,66.46,Pass
STU01870,Carolyn Cordova,18,Female,1.7,56.7,43.3,83.7,50.7,15,4.1,Yes,Postgraduate,High,Yes,Excellent,47.16,Fail
STU01871,Angelica Vincent,16,Male,7.6,58.5,30.6,46.6,46.5,22,6.5,Yes,High School,Middle,No,Excellent,38.75,Fail
STU01872,Zachary Vargas PhD,19,Female,4.7,62.2,33.4,95.7,43.1,20,5.2,No,Graduate,High,No,Good,46.45,Fail
STU01873,Nicholas Fitzgerald,22,Female,4.0,74.6,31.2,40.4,56.5,12,8.1,Yes,Postgraduate,Middle,Yes,Excellent,48.07,Fail
STU01874,Garrett Riley,20,Male,4.7,94.4,51.2,39.3,64.2,8,8.5,No,Graduate,Middle,Yes,Good,53.49,Pass
STU01875,Leslie Hernandez,20,Male,1.3,71.2,31.2,32.3,63.8,18,5.8,Yes,Graduate,Middle,Yes,Good,44.88,Fail
STU01876,Abigail Baird,21,Female,3.9,70.4,62.3,32.8,92.5,8,10.0,No,Diploma,High,Yes,Good,68.48,Pass
STU01877,John Mack,18,Female,1.9,56.0,39.3,76.3,76.3,22,9.1,No,Diploma,Middle,Yes,Poor,51.93,Pass
STU01878,Joseph Mendoza,19,Male,5.1,84.4,63.3,63.3,75.2,6,7.3,No,Diploma,High,No,Good,75.29,Pass
STU01879,Samantha Chavez,18,Female,5.3,80.6,76.7,75.0,66.4,15,8.1,No,Postgraduate,High,No,Average,60.1,Pass
STU01880,Justin Smith,19,Male,0.5,78.0,68.4,98.0,55.3,8,6.4,Yes,Postgraduate,High,No,Poor,56.19,Pass
STU01881,Tiffany Anderson,16,Male,2.0,53.5,80.2,47.5,72.6,25,8.1,No,Postgraduate,Middle,No,Excellent,58.59,Pass
STU01882,Matthew Davis,18,Female,3.8,64.2,88.2,90.3,41.5,1,4.2,No,Postgraduate,High,Yes,Excellent,58.71,Pass
STU01883,Eric Warner,21,Female,1.2,64.3,93.2,69.1,56.1,10,9.3,Yes,Diploma,Low,Yes,Good,47.61,Fail
STU01884,Nicole Johnson,15,Male,7.6,92.5,84.8,65.9,85.3,27,5.1,Yes,Graduate,Low,No,Average,74.12,Pass
STU01885,Raymond Sawyer,16,Female,4.8,99.2,48.9,85.6,64.3,6,4.2,Yes,High School,Low,Yes,Good,63.39,Pass
STU01886,Richard Wood,19,Female,5.2,54.3,91.5,50.4,45.9,13,4.8,Yes,Diploma,Low,No,Good,57.01,Pass
STU01887,Mark Dalton,18,Male,7.6,85.6,78.2,65.0,63.2,0,4.7,No,Diploma,Low,No,Average,63.13,Pass
STU01888,Steven Cook,15,Male,7.8,89.8,56.8,40.6,85.0,2,4.7,No,Postgraduate,Low,Yes,Average,72.46,Pass
STU01889,Jeffery Nelson,21,Male,1.9,60.6,66.2,85.1,52.0,7,4.5,No,Diploma,Low,Yes,Good,61.15,Pass
STU01890,Kimberly Norton,16,Male,2.2,61.0,91.6,96.8,99.3,7,8.8,No,Postgraduate,High,No,Excellent,71.93,Pass
STU01891,Angela Gilmore,18,Male,1.9,60.6,52.1,52.3,97.0,3,8.7,Yes,Postgraduate,High,No,Excellent,55.5,Pass
STU01892,Amy Dougherty,17,Female,7.3,91.4,40.6,91.0,49.1,27,4.5,No,High School,High,No,Average,66.49,Pass
STU01893,Stacy Rodriguez,22,Female,5.4,82.7,36.2,52.3,99.5,25,8.1,No,Graduate,Low,No,Excellent,62.04,Pass
STU01894,Manuel Diaz,22,Male,1.1,63.8,46.2,46.4,43.5,11,7.4,Yes,High School,High,No,Average,45.65,Fail
STU01895,Justin Jones,21,Male,3.0,91.0,42.0,62.5,31.0,6,6.9,No,Graduate,Middle,No,Average,49.85,Fail
STU01896,Christine Zavala,19,Male,1.1,79.6,79.3,43.4,69.8,12,8.9,No,High School,High,Yes,Poor,64.45,Pass
STU01897,Brian Mendoza,22,Male,6.3,90.1,87.2,95.6,58.4,12,7.4,No,Graduate,Middle,Yes,Excellent,77.69,Pass
STU01898,Lauren Haley,21,Female,8.0,50.7,53.1,49.7,48.4,29,5.3,No,High School,Middle,No,Good,57.33,Pass
STU01899,Patrick Perez,18,Female,5.8,54.2,78.2,78.5,47.6,11,5.5,No,Postgraduate,Low,Yes,Average,65.35,Pass
STU01900,Derek Frazier,18,Male,7.1,92.6,92.7,70.7,93.6,12,8.9,No,High School,Low,Yes,Average,86.23,Pass
STU01901,Arthur Reed,16,Male,7.2,50.6,92.8,63.1,85.9,8,4.8,Yes,Graduate,Middle,Yes,Good,62.53,Pass
STU01902,Mr. Bryan Mckinney,17,Female,2.7,56.2,82.4,30.6,51.9,8,5.0,Yes,Diploma,Middle,No,Average,44.49,Fail
STU01903,Kim Carter,16,Male,4.9,62.7,46.8,64.2,75.7,27,4.7,Yes,High School,High,Yes,Good,54.24,Pass
STU01904,Rebecca Dougherty,22,Female,7.8,69.9,68.9,46.9,64.3,28,4.4,Yes,Diploma,Low,Yes,Poor,57.97,Pass
STU01905,Teresa Jones,16,Male,0.8,73.4,55.9,39.6,78.1,8,10.0,Yes,High School,Middle,No,Average,62.36,Pass
STU01906,Judith Miller,17,Male,7.7,91.6,60.1,81.6,39.0,7,7.1,Yes,Graduate,Low,No,Poor,59.8,Pass
STU01907,Donna Frye,15,Female,2.6,58.1,57.7,39.2,78.9,4,6.7,Yes,High School,Middle,Yes,Average,47.88,Fail
STU01908,Donald Terry,18,Female,1.5,79.2,94.0,36.7,50.0,18,9.2,No,Postgraduate,Low,No,Average,54.07,Pass
STU01909,Shaun Meyer DDS,16,Male,1.0,93.8,64.1,58.6,51.7,5,5.8,Yes,High School,Middle,Yes,Poor,57.8,Pass
STU01910,Wayne Weaver,19,Female,5.9,83.5,81.9,48.0,73.3,16,6.8,No,Postgraduate,High,No,Excellent,65.64,Pass
STU01911,Gregory Wallace,20,Female,6.4,65.5,71.8,91.8,58.2,24,4.4,No,Postgraduate,Low,No,Average,53.22,Pass
STU01912,Dorothy Brown,15,Male,5.5,97.6,61.6,62.6,75.8,2,4.6,No,Graduate,Low,No,Excellent,70.63,Pass
STU01913,Crystal Meza,21,Female,2.4,95.9,73.5,30.9,44.3,11,8.1,Yes,Graduate,Middle,Yes,Poor,56.42,Pass
STU01914,Jennifer Cooper,18,Female,2.7,96.6,65.9,78.8,71.8,24,4.7,Yes,Postgraduate,High,Yes,Good,66.36,Pass
STU01915,Erin Watkins,21,Male,7.7,56.1,46.6,87.0,73.3,4,9.0,Yes,Diploma,Middle,No,Excellent,56.41,Pass
STU01916,Sarah Wallace,21,Female,7.4,51.8,85.6,46.2,89.4,22,4.8,No,Graduate,Low,No,Average,68.05,Pass
STU01917,Carlos Clarke,21,Male,4.9,94.4,60.8,82.3,86.3,7,8.4,Yes,High School,Middle,No,Poor,74.12,Pass
STU01918,David Washington,20,Female,1.8,52.4,46.0,40.0,69.1,29,5.1,No,Postgraduate,Low,No,Good,47.57,Fail
STU01919,Patricia Williams,22,Male,0.8,51.8,84.1,71.4,55.1,29,9.4,No,High School,Middle,No,Average,44.87,Fail
STU01920,Jesus Jackson,19,Male,5.6,88.2,57.9,90.3,40.6,0,5.7,Yes,Diploma,High,No,Poor,65.53,Pass
STU01921,Michelle Mitchell,15,Male,1.2,60.5,45.5,94.2,35.5,20,6.6,No,High School,Middle,No,Good,50.19,Pass
STU01922,Sara Schwartz,22,Female,8.0,87.7,93.1,85.1,97.4,19,8.2,No,Graduate,Middle,Yes,Poor,86.2,Pass
STU01923,Brittany Young,22,Female,1.1,70.1,72.0,54.6,49.1,13,7.5,Yes,High School,Low,No,Good,53.61,Pass
STU01924,Eugene Martinez,22,Female,7.7,96.5,79.5,66.4,44.3,4,7.3,Yes,Diploma,Low,No,Good,74.56,Pass
STU01925,Cody Hart,21,Male,6.2,94.8,81.3,43.7,72.0,1,6.0,Yes,Graduate,Low,Yes,Average,65.84,Pass
STU01926,Evan Cooper,21,Male,7.7,69.0,30.6,49.9,38.4,13,4.6,Yes,Postgraduate,High,No,Average,45.99,Fail
STU01927,Joshua Martin,15,Male,1.1,79.7,42.3,55.3,90.3,5,6.5,Yes,Graduate,High,No,Poor,57.95,Pass
STU01928,Thomas Sullivan,18,Female,3.5,87.5,34.8,36.3,75.6,29,6.9,Yes,Postgraduate,Low,Yes,Excellent,58.47,Pass
STU01929,Mr. Jimmy Flores Jr.,20,Female,6.4,95.8,55.2,71.7,65.0,27,9.9,No,Graduate,High,No,Good,72.83,Pass
STU01930,Vanessa Rivera,17,Female,2.5,60.4,91.4,31.4,97.6,25,4.9,Yes,Diploma,Low,No,Excellent,55.81,Pass
STU01931,Kara Roberts,19,Female,6.6,63.8,52.8,45.2,71.0,30,6.1,No,Postgraduate,High,No,Poor,63.99,Pass
STU01932,Veronica Berry,19,Female,7.2,62.2,67.3,83.8,50.2,3,6.5,Yes,Diploma,Low,Yes,Excellent,62.47,Pass
STU01933,Keith Meadows,17,Male,4.4,56.7,31.7,40.7,73.9,22,4.4,No,Postgraduate,High,No,Excellent,46.16,Fail
STU01934,Michael Dennis,20,Female,1.1,59.6,89.2,31.4,75.7,2,6.3,Yes,Diploma,High,No,Poor,48.66,Fail
STU01935,Brenda Pierce,20,Male,5.5,79.4,44.5,89.3,64.4,13,8.9,No,Postgraduate,Low,No,Excellent,66.62,Pass
STU01936,James Randall,15,Female,6.3,98.3,63.4,63.2,82.9,30,9.3,No,High School,Middle,Yes,Excellent,72.62,Pass
STU01937,Brandon Brown,22,Female,7.7,66.2,81.9,44.7,68.2,18,5.1,Yes,Postgraduate,Middle,Yes,Good,67.28,Pass
STU01938,Lauren Walker,18,Male,1.6,81.6,68.5,38.5,52.8,10,7.4,Yes,Graduate,High,No,Poor,50.28,Pass
STU01939,Diana Johnson,16,Male,1.9,90.0,93.2,45.0,43.1,2,6.7,Yes,Diploma,High,No,Excellent,51.96,Pass
STU01940,Jill Powers,16,Male,0.6,77.1,92.2,57.4,59.4,1,9.8,Yes,Postgraduate,Low,Yes,Average,63.47,Pass
STU01941,Jorge Lee,19,Female,5.7,86.0,66.6,98.2,78.2,21,9.4,No,High School,Low,Yes,Good,80.06,Pass
STU01942,Larry Harding,20,Male,2.7,65.2,80.9,50.8,69.4,1,5.5,Yes,High School,High,Yes,Average,62.36,Pass
STU01943,Heather Hernandez,17,Female,6.6,55.5,83.9,72.2,43.1,26,7.3,No,High School,Middle,No,Poor,53.92,Pass
STU01944,Jaclyn Watson,19,Male,3.1,53.2,94.1,32.2,76.4,2,6.2,No,Graduate,Low,Yes,Excellent,51.49,Pass
STU01945,Gregory Madden,18,Female,5.3,67.8,73.8,81.0,78.3,1,4.7,No,Graduate,High,Yes,Excellent,62.16,Pass
STU01946,Anita Luna,22,Female,0.7,70.7,58.2,62.7,79.3,30,5.9,No,Graduate,High,No,Excellent,57.92,Pass
STU01947,Willie Lara,18,Female,2.9,53.0,74.6,69.7,54.5,21,8.2,No,Diploma,Low,No,Average,43.59,Fail
STU01948,Robert Waller,17,Male,4.3,81.8,72.9,50.2,39.9,2,4.9,Yes,High School,Low,Yes,Excellent,66.91,Pass
STU01949,Steven Taylor,17,Male,5.3,93.6,56.6,41.9,83.0,23,9.0,Yes,Graduate,Middle,No,Average,67.69,Pass
STU01950,Angelica Clark,22,Female,7.0,50.8,37.0,36.5,79.9,13,4.4,Yes,Graduate,High,Yes,Excellent,59.85,Pass
STU01951,Sean Hatfield,15,Female,4.2,73.6,50.2,90.9,41.9,5,6.1,No,Diploma,Middle,Yes,Poor,61.8,Pass
STU01952,Tyler Avila,15,Female,7.5,93.8,50.8,71.0,35.4,12,5.5,Yes,Postgraduate,Middle,No,Good,64.23,Pass
STU01953,Jason Rocha,22,Male,1.2,65.8,86.9,54.3,69.3,26,6.6,No,Postgraduate,High,No,Average,57.03,Pass
STU01954,Justin Page,15,Male,2.7,81.4,57.3,34.3,64.3,30,8.9,No,Postgraduate,Low,No,Good,52.4,Pass
STU01955,Breanna Lopez,17,Male,1.2,53.5,40.0,83.5,80.7,28,7.4,Yes,Diploma,High,No,Good,57.53,Pass
STU01956,Julian Williams,18,Male,6.3,90.6,82.9,75.0,62.1,13,9.2,Yes,High School,High,No,Good,72.04,Pass
STU01957,Sandra Torres,20,Female,7.4,51.2,33.4,97.1,49.4,0,9.2,Yes,Postgraduate,High,Yes,Average,56.02,Pass
STU01958,Julie Johnson,17,Female,1.1,57.8,46.2,64.2,79.1,21,9.9,No,Postgraduate,High,Yes,Excellent,51.46,Pass
STU01959,Dennis Blanchard,15,Female,3.8,75.9,63.9,67.8,66.2,30,4.1,No,Postgraduate,Low,No,Good,59.17,Pass
STU01960,Kaitlyn Valdez,15,Female,2.0,94.7,90.4,98.3,95.7,18,5.6,Yes,Postgraduate,Middle,No,Average,72.97,Pass
STU01961,Jennifer Vasquez,20,Male,4.3,58.8,82.4,92.2,89.6,14,6.6,No,Graduate,High,Yes,Average,68.54,Pass
STU01962,Danielle Wilson,19,Female,0.8,87.7,57.6,99.7,36.8,8,9.1,Yes,Diploma,Low,Yes,Excellent,56.72,Pass
STU01963,Zachary Jones,18,Female,4.1,91.4,83.1,94.1,50.8,0,9.7,No,High School,Low,No,Excellent,76.28,Pass
STU01964,Lauren Cunningham,15,Female,4.1,91.5,77.4,44.7,96.4,24,4.4,Yes,Postgraduate,High,Yes,Good,66.91,Pass
STU01965,Lori Alvarez,16,Male,7.2,65.2,62.5,59.6,42.0,29,6.1,No,Graduate,Low,Yes,Poor,52.74,Pass
STU01966,Barbara Hunt,21,Male,1.9,74.5,81.9,69.8,92.5,10,7.8,Yes,Postgraduate,Low,Yes,Average,64.37,Pass
STU01967,Sarah Martin,19,Male,5.7,83.4,59.2,78.3,34.9,21,9.2,No,Graduate,Middle,Yes,Excellent,55.63,Pass
STU01968,Francisco Johns,18,Male,6.3,50.6,44.1,34.6,84.6,11,8.5,Yes,Graduate,Middle,Yes,Poor,61.95,Pass
STU01969,Christopher Nelson,17,Male,6.6,50.2,62.6,79.3,40.9,27,7.9,Yes,Diploma,Low,No,Average,65.85,Pass
STU01970,Thomas Kelly,16,Female,1.6,59.3,43.3,46.7,45.9,10,6.4,Yes,Postgraduate,High,Yes,Excellent,40.35,Fail
STU01971,Joseph Mayer,19,Male,5.4,71.9,80.4,80.3,38.9,11,4.3,Yes,Graduate,Low,No,Average,65.27,Pass
STU01972,Pamela White,19,Male,7.9,94.3,56.7,56.0,50.8,29,4.9,Yes,High School,Low,Yes,Good,72.0,Pass
STU01973,Paul Stephens,17,Male,1.5,56.6,37.4,46.8,51.5,15,9.8,No,High School,Middle,No,Excellent,44.13,Fail
STU01974,Samantha Cohen,16,Female,3.3,72.9,51.1,42.8,40.0,6,9.7,Yes,Diploma,High,No,Poor,49.28,Fail
STU01975,Michael Barker,18,Female,7.9,52.2,39.8,59.6,43.0,17,6.2,No,Postgraduate,Middle,No,Average,51.68,Pass
STU01976,Kevin Morrow,15,Male,2.5,67.6,36.1,60.0,98.8,14,6.0,Yes,High School,High,No,Poor,53.56,Pass
STU01977,Joseph Watson,20,Female,7.1,92.2,91.9,85.3,76.2,13,9.1,Yes,Graduate,Middle,Yes,Average,80.28,Pass
STU01978,Mr. Thomas Garcia,16,Male,7.9,88.5,92.5,84.6,91.2,18,8.2,Yes,Postgraduate,Middle,No,Poor,80.19,Pass
STU01979,Daniel Lopez,15,Female,6.2,76.2,90.1,87.8,89.1,7,8.0,No,Postgraduate,Middle,Yes,Poor,79.79,Pass
STU01980,Lisa Guerra,15,Female,2.7,57.5,83.9,88.6,87.0,21,7.9,Yes,Graduate,Middle,Yes,Good,69.42,Pass
STU01981,Kim Arnold,20,Female,3.2,65.2,30.6,88.4,36.1,2,7.8,No,High School,Middle,No,Good,66.5,Pass
STU01982,Ashley Stevens,21,Male,7.5,51.6,80.3,33.6,32.7,0,6.6,No,Graduate,Low,Yes,Average,55.52,Pass
STU01983,Robert Mclean,16,Female,1.0,89.5,64.4,32.0,32.8,3,7.7,Yes,Graduate,Middle,No,Poor,44.62,Fail
STU01984,Eric Cox,17,Male,4.7,90.0,69.7,45.7,72.9,18,7.8,Yes,Diploma,Low,No,Good,71.17,Pass
STU01985,Stacy Harper,16,Female,6.0,81.0,93.0,43.8,96.6,29,7.2,No,High School,Middle,Yes,Good,69.42,Pass
STU01986,Gloria Mckinney,21,Male,3.4,88.5,75.9,32.8,68.3,21,4.5,No,Graduate,High,Yes,Average,59.07,Pass
STU01987,Robert Walker,16,Male,8.0,94.9,31.4,90.1,94.4,30,6.1,Yes,High School,Middle,Yes,Excellent,73.59,Pass
STU01988,Brenda Perez,20,Female,5.4,67.0,51.0,59.7,40.2,17,9.0,Yes,Graduate,Low,Yes,Poor,61.57,Pass
STU01989,Carlos Miller,20,Male,3.1,70.0,88.1,64.8,68.1,5,9.7,Yes,High School,Middle,Yes,Average,66.52,Pass
STU01990,Rachel Jones,17,Male,3.3,68.6,42.7,38.0,81.8,13,8.6,Yes,Graduate,High,Yes,Excellent,55.33,Pass
STU01991,Nicole Williams,18,Male,7.8,88.7,45.8,32.8,99.0,13,6.0,Yes,Postgraduate,Low,No,Good,73.63,Pass
STU01992,Ricky Palmer,17,Female,4.9,60.7,87.8,99.5,36.1,18,9.2,No,Graduate,Middle,Yes,Poor,59.85,Pass
STU01993,Bryan King,21,Female,3.4,76.2,89.5,98.1,48.4,20,5.3,No,High School,Low,No,Average,63.1,Pass
STU01994,Michael Webster,19,Male,0.6,70.6,34.8,58.4,32.8,18,9.0,Yes,High School,High,Yes,Average,36.11,Fail
STU01995,Tamara Harris,15,Male,2.1,66.4,86.6,82.2,45.3,7,4.4,Yes,High School,High,No,Average,51.51,Pass
STU01996,Cathy Bell,18,Female,6.2,72.3,52.5,61.6,82.4,30,9.4,Yes,High School,High,Yes,Poor,73.1,Pass
STU01997,Ryan Mcmahon,15,Female,0.9,76.2,32.1,62.8,92.0,3,6.2,No,Diploma,Middle,Yes,Average,57.88,Pass
STU01998,Hannah Martin,16,Female,7.5,87.9,36.7,46.2,57.6,10,5.0,No,Postgraduate,High,No,Excellent,63.03,Pass
STU01999,Monica Allen,18,Male,4.2,73.6,92.2,60.4,85.0,6,9.7,No,Graduate,Low,Yes,Excellent,69.64,Pass
STU02000,Annette Lane,22,Female,4.2,67.4,56.0,55.3,87.8,13,6.7,Yes,Graduate,Low,No,Excellent,63.79,Pass
